,DATA,GRUPO,TIPO,ETAPA,TOTAL_IMPRESSOES,TOTAL_CLIQUES,TOTAL_CUSTO,TOTAL_SESSAO,TOTAL_INSCRICOES,TOTAL_MATRICULADOS,LEADS,CTR,CR,CPS,TX_LEADS,TX_INSCRITOS,CPI,TX_MATRICULADOS,CPMAT,CPA
2,2025-02-01,SEARCH,CURSOS,FUNDO,284606,18839,88262.36459700005,15096,319,37,1367,0.06619326366977506,0.8013164180688996,5.846738513314789,0.09055378908320084,0.02113142554319025,276.6845285172415,0.11598746081504702,2385.469313432434,52.35015693772245
3,2025-02-01,META,META,FUNDO,18852512,82550,181402.22000499998,34592,422,8,2032,0.004378726824308612,0.41904300423985463,5.244051225861471,0.05874190564292322,0.012199352451433857,429.8630805805687,0.018957345971563982,22675.277500624998,73.92103504686226
4,2025-02-01,TIKTOK,TIKTOK,FUNDO,1043233,2784,5460.590000000004,1908,6,1,22,0.002668627238593871,0.6853448275862069,2.8619444444444464,0.011530398322851153,0.0031446540880503146,910.0983333333339,0.16666666666666666,5460.590000000004,195.02107142857156
7,2025-02-01,SEARCH,OPORTUNIDADES,FUNDO,42184,1938,7225.607133999999,2254,52,2,280,0.04594158922814337,1.1630546955624355,3.2056819582963616,0.12422360248447205,0.023070097604259095,138.95398334615382,0.038461538461538464,3612.8035669999995,21.76387690963855
8,2025-02-01,SEARCH,GENERICA,FUNDO,98242,6241,20606.697137,5442,85,12,518,0.0635268011644714,0.8719756449286973,3.786603663542815,0.09518559353178978,0.01561925762587284,242.4317310235294,0.1411764705882353,1717.2247614166665,34.17362709286899
9,2025-02-01,SEARCH,MARCAS,FUNDO,48634,18353,32867.103786,16605,473,8,2312,0.37736974133322365,0.9047567155233477,1.9793498214995484,0.13923517012947909,0.028485395965070763,69.48647734883721,0.016913319238900635,4108.38797325,11.80147353177738
12,2025-02-01,SEARCH,MICROSOFT,FUNDO,68931,2780,10922.14,2286,72,6,349,0.04033018525772149,0.8223021582733813,4.777839020122484,0.15266841644794402,0.031496062992125984,151.6963888888889,0.08333333333333333,1820.3566666666666,25.94332541567696
14,2025-02-01,PMAX,PMAX,FUNDO,2159368,46619,95300.397599,23755,256,3,1177,0.021589187206627124,0.5095561895364551,4.011803729699011,0.049547463691854345,0.010776678593980215,372.26717812109376,0.01171875,31766.799199666668,66.50411556106071
23,2025-01-31,SEARCH,SEARCH,MEIO,53062,3507,5988.536665,2127,4,1,54,0.06609249557121857,0.6065012831479898,2.815485032910202,0.02538787023977433,0.0018805829807240243,1497.13416625,0.25,5988.536665,1.7075952851439977
25,2025-01-31,SEARCH,GENERICA,FUNDO,137477,8269,29261.025013000002,7628,131,16,779,0.060148242978825546,0.922481557624864,3.836002230335606,0.10212375458835868,0.017173571054011537,223.3666031526718,0.12213740458015267,1828.8140633125001,32.15497254175824
26,2025-01-31,PMAX,PMAX,FUNDO,2747777,69008,138842.221463,32024,405,5,1829,0.025114119522799704,0.4640621377231625,4.335567744910067,0.0571134149387959,0.012646764926305272,342.82029990864197,0.012345679012345678,27768.444292599997,62.14960674261414
28,2025-01-31,SEARCH,MICROSOFT,FUNDO,144455,5601,24485.53,4683,95,5,651,0.03877332041120072,0.8361006963042313,5.2285991885543455,0.13901345291479822,0.020286141362374548,257.7424210526316,0.05263157894736842,4897.106,32.82242627345844
29,2025-01-31,DEMAND GEN,DEMAND GEN,FUNDO,812536,15306,12222.445898,1438,8,1,43,0.018837319208010475,0.0939500849340128,8.499614671766341,0.029902642559109873,0.005563282336578581,1527.80573725,0.125,12222.445898,239.65580192156864
30,2025-01-31,SEARCH,MARCAS,FUNDO,80924,29786,60294.11735799999,27456,771,8,3807,0.36807374820819533,0.9217753306922716,2.1960270016754073,0.13865821678321677,0.028081293706293708,78.20248684565497,0.010376134889753566,7536.764669749999,13.17040571384884
31,2025-01-31,META,META,FUNDO,19399469,84111,229909.87000799997,34994,410,8,2077,0.004335737230745852,0.4160454637324488,6.569979711036177,0.059353031948334,0.011716294221866605,560.755780507317,0.01951219512195122,28738.733750999996,92.44466023642941
33,2025-01-31,SEARCH,CURSOS,FUNDO,407425,24970,132510.764246,20062,405,38,2028,0.06128735350064429,0.8034441329595514,6.605062518492673,0.10108663144252816,0.0201874190010966,327.1870722123457,0.09382716049382717,3487.125374894737,54.46393927085902
37,2025-01-31,SEARCH,OPORTUNIDADES,FUNDO,66899,2975,11631.274751,3322,71,4,403,0.04447002197342262,1.1166386554621848,3.501286800421433,0.12131246237206503,0.021372667068031308,163.8207711408451,0.056338028169014086,2907.81868775,24.53855432700422
46,2025-01-30,META,META,TOPO,2954891,8665,16449.81,2394,1,1,1,0.0029324262722381297,0.27628390075014425,6.8712656641604015,0.0004177109440267335,0.0004177109440267335,16449.81,1.0,16449.81,5.566976920637682e-06
48,2025-01-30,SEARCH,MARCAS,FUNDO,91672,33896,65737.486087,33265,993,7,4762,0.3697530325508334,0.9813842341279208,1.9761757428829099,0.143153464602435,0.029851194949646775,66.20089233333333,0.007049345417925478,9391.069441,11.422673516420504
49,2025-01-30,SEARCH,MICROSOFT,FUNDO,205234,5913,23627.06,5598,128,6,787,0.02881101571864311,0.9467275494672754,4.220625223294034,0.1405859235441229,0.022865309038942478,184.58640625,0.046875,3937.8433333333337,25.82192349726776
51,2025-01-30,TIKTOK,TIKTOK,FUNDO,1283564,13575,9414.490000000002,8044,4,1,32,0.010576021141135152,0.5925598526703499,1.1703741919443065,0.003978120338140228,0.0004972650422675286,2353.6225000000004,0.25,9414.490000000002,261.5136111111112
52,2025-01-30,SEARCH,CURSOS,FUNDO,322466,19277,104008.65596799998,17470,393,47,1913,0.05977994579273474,0.9062613477200809,5.953557868803662,0.10950200343445907,0.02249570692615913,264.6530686208651,0.11959287531806616,2212.950126978723,45.103493481352984
53,2025-01-30,SEARCH,SEARCH,MEIO,71707,4948,9096.241583,3145,10,1,83,0.06900302620385737,0.6356103476151981,2.8922866718600955,0.026391096979332274,0.003179650238473768,909.6241583000001,0.1,9096.241583,1.8383673369037996
54,2025-01-30,SEARCH,OPORTUNIDADES,FUNDO,63456,3090,10991.197081,3888,85,3,485,0.048695158850226926,1.258252427184466,2.8269539817386833,0.12474279835390946,0.021862139917695474,129.30820095294118,0.03529411764705882,3663.7323603333334,19.28280189649123
55,2025-01-30,PMAX,PMAX,FUNDO,8315553,342697,218966.094722,137490,544,8,2650,0.04121157065561364,0.4011998937837215,1.5925965140882974,0.01927412902756564,0.003956651392828569,402.51120353308823,0.014705882352941176,27370.76184025,68.55544606199123
56,2025-01-30,META,META,FUNDO,19602984,89799,246006.24999599997,37304,437,11,2347,0.004580884216402972,0.4154166527466898,6.594634623525627,0.06291550503967402,0.011714561441132318,562.9433638352402,0.02517162471395881,22364.204545090906,88.36431393534481
57,2025-01-30,SEARCH,GENERICA,FUNDO,142254,9112,35272.67522599999,9361,179,23,979,0.0640544378365459,1.0273266022827041,3.768045638927464,0.1045828437132785,0.019121888687106077,197.05405154189938,0.12849162011173185,1533.594575043478,30.459995877374777
59,2025-01-29,META,META,FUNDO,21581370,99448,284448.550002,38562,478,8,2544,0.004608048515919054,0.38776043761563833,7.376395155904777,0.06597168196670297,0.012395622633680825,595.080648539749,0.016736401673640166,35556.06875025,94.1259265393779
60,2025-01-29,SEARCH,OPORTUNIDADES,FUNDO,79402,3912,13934.325649999999,4067,79,3,499,0.0492682803959598,1.0396216768916156,3.4261926850258173,0.1226948610769609,0.01942463732480944,176.38386898734177,0.0379746835443038,4644.775216666666,24.107829844290656
61,2025-01-29,SEARCH,MARCAS,FUNDO,100434,37233,66801.87833899999,36162,1056,11,5360,0.37072107055379655,0.9712351945854484,1.8472949045683311,0.14822189038216912,0.029201924672307946,63.259354487689386,0.010416666666666666,6072.898030818181,10.411764080268078
66,2025-01-29,PMAX,PMAX,FUNDO,7397675,316140,237290.306778,139242,664,7,3107,0.04273504851186352,0.4404441070411843,1.704157558624553,0.022313669726088392,0.004768676117838009,357.36491984638553,0.010542168674698794,33898.615254,62.9250349451074
67,2025-01-29,SEARCH,CURSOS,FUNDO,397965,24347,133580.27071700006,20060,466,56,2227,0.061178746874725166,0.823920811598965,6.659036426570292,0.11101694915254237,0.023230309072781653,286.65294145278983,0.12017167381974249,2385.361977089287,49.60277412439661
68,2025-01-29,SEARCH,GENERICA,FUNDO,171232,11800,47606.051935999996,11298,223,30,1254,0.0689123528312465,0.957457627118644,4.21367073251903,0.11099309612320765,0.019738006726854312,213.48005352466367,0.13452914798206278,1586.8683978666666,32.231585603249826
70,2025-01-29,SEARCH,DV360,TOPO,12923342,12978,59437.205182,778,3,1,12,0.0010042294013421606,0.05994760363692402,76.39743596658097,0.015424164524421594,0.0038560411311053984,19812.401727333334,0.3333333333333333,59437.205182,4.599213205221992e-06
71,2025-01-29,SEARCH,MICROSOFT,FUNDO,292131,6680,25786.32,6313,140,8,928,0.022866453748489547,0.9450598802395209,4.084638048471408,0.14699825756375734,0.022176461270394424,184.188,0.05714285714285714,3223.29,24.144494382022472
73,2025-01-29,DEMAND GEN,DEMAND GEN,FUNDO,384943,5082,7410.59548,752,6,1,50,0.013201954575092935,0.1479732388823298,9.854515265957447,0.06648936170212766,0.007978723404255319,1235.0992466666667,0.16666666666666666,7410.59548,132.33206214285715
77,2025-01-29,SEARCH,SEARCH,MEIO,79207,5360,9761.761663,3235,11,1,82,0.06767078667289507,0.6035447761194029,3.0175461091190106,0.02534775888717156,0.0034003091190108192,887.4328784545454,0.09090909090909091,9761.761663,1.8212241908582087
79,2025-01-28,PMAX,PMAX,FUNDO,7601462,257799,459366.47558499995,144372,1162,7,5212,0.03391439699363096,0.5600176881989457,3.181825254100518,0.03610118305488599,0.008048652093203669,395.32398931583475,0.006024096385542169,65623.78222642856,72.06879127470975
80,2025-01-28,SEARCH,CURSOS,FUNDO,349519,20774,104690.998713,19543,417,42,1937,0.05943596771563205,0.9407432367382305,5.356956389141892,0.09911477255283221,0.02133756332190554,251.05755087050358,0.10071942446043165,2492.6428265,44.47366130543755
81,2025-01-28,SEARCH,DV360,TOPO,12595845,14144,61342.46495699999,789,8,1,20,0.0011229099754720704,0.055783371040723985,77.7471038745247,0.025348542458808618,0.010139416983523447,7667.808119624999,0.125,61342.46495699999,4.870055558559191e-06
85,2025-01-28,META,META,FUNDO,24198802,109101,357416.679996,44752,682,12,3169,0.004508528975938561,0.4101887242096773,7.986607972738649,0.07081247765462996,0.015239542366821594,524.0713782932552,0.017595307917888565,29784.723333,92.81139444196313
86,2025-01-28,SEARCH,SEARCH,MEIO,93128,6286,11265.733376,4017,10,1,110,0.067498496692724,0.6390391345847916,2.8045141588249938,0.027383619616629325,0.0024894199651481204,1126.5733376,0.1,11265.733376,1.7921943009863188
88,2025-01-28,SEARCH,GENERICA,FUNDO,188403,12751,48746.237691,12513,273,30,1312,0.06767938939401177,0.9813347972708023,3.89564754183649,0.10485095500679294,0.021817309997602494,178.55764721978022,0.10989010989010989,1624.8745897000001,30.75472409526814
89,2025-01-28,SEARCH,MICROSOFT,FUNDO,281486,8339,31070.890000000003,7606,220,10,1228,0.02962491917892897,0.9120997721549347,4.085049960557455,0.16145148566920853,0.028924533263213252,141.23131818181818,0.045454545454545456,3107.0890000000004,21.45779696132597
90,2025-01-28,DEMAND GEN,DEMAND GEN,FUNDO,557899,9274,6638.29384,1083,6,1,34,0.016623080521743182,0.11677808928186327,6.12954186518929,0.03139427516158818,0.00554016620498615,1106.3823066666666,0.16666666666666666,6638.29384,165.957346
91,2025-01-28,SEARCH,MARCAS,FUNDO,120270,42078,69950.35717199999,40786,1464,11,6660,0.34986280868046893,0.9692951185892865,1.7150580388368555,0.16329132545481292,0.03589466973961653,47.78029861475409,0.007513661202185792,6359.123379272726,8.610334462333824
92,2025-01-28,TIKTOK,TIKTOK,FUNDO,1656169,5725,9857.120000000003,4426,11,1,49,0.0034567728293428994,0.7731004366812227,2.227094441934027,0.011070944419340261,0.0024853140533212833,896.1018181818184,0.09090909090909091,9857.120000000003,164.28533333333337
94,2025-01-28,SEARCH,OPORTUNIDADES,FUNDO,160241,9984,25852.411476999998,8217,217,3,1056,0.06230615135951473,0.8230168269230769,3.146210475477668,0.1285140562248996,0.02640866496288183,119.13553676036865,0.013824884792626729,8617.470492333332,20.30825724823252
95,2025-01-28,DEMAND GEN,DEMAND GEN,MEIO,1214677,33616,3901.391963,8968,4,1,11,0.02767484689345398,0.26677772489290813,0.43503478623996433,0.0012265834076717217,0.00044603033006244426,975.34799075,0.25,3901.391963,0.1160575905223703
98,2025-01-28,META,META,MEIO,6284125,137261,63170.84999999999,81113,2,1,8,0.02184249995027152,0.5909398882421081,0.7788005621786889,9.8627840173585e-05,2.465696004339625e-05,31585.424999999996,0.5,63170.84999999999,0.4602243171767654
99,2025-01-27,SEARCH,MARCAS,FUNDO,128291,45359,81722.37677099998,42501,1651,12,7331,0.3535633832459019,0.9369915562512401,1.9228342102774048,0.17249005905743395,0.03884614479659302,49.49871397395517,0.0072683222289521504,6810.198064249998,9.098461007682028
100,2025-01-27,SEARCH,CURSOS,FUNDO,373522,21268,108741.74609100001,20242,487,51,2219,0.05693908257077227,0.951758510438217,5.372085075140797,0.1096235549846853,0.02405888746171327,223.2890063470226,0.10472279260780287,2132.1910998235294,40.18541984146342
103,2025-01-27,PMAX,PMAX,FUNDO,8717060,292048,530328.17508,145516,1207,7,5551,0.03350303886860937,0.4982605599079603,3.64446641661398,0.03814700788916683,0.008294620522829105,439.37711274233635,0.00579950289975145,75761.16786857143,78.47413067179639
104,2025-01-27,META,META,FUNDO,18753360,92030,307092.97000400006,37857,678,10,3137,0.0049073872628691605,0.4113549929370857,8.111920384710887,0.08286446363948544,0.01790950154528885,452.939483781711,0.014749262536873156,30709.297000400005,80.49619135098298
105,2025-01-27,TIKTOK,TIKTOK,FUNDO,1693197,7828,10013.670000000004,5599,12,2,58,0.004623206868427005,0.7152529381706694,1.7884747276299346,0.010358992677263796,0.0021432398642614752,834.4725000000003,0.16666666666666666,5006.835000000002,143.05242857142863
107,2025-01-27,SEARCH,MICROSOFT,FUNDO,309313,10898,50638.55000000002,8980,253,8,1390,0.03523291940526263,0.8240044044778858,5.639036748329623,0.15478841870824053,0.028173719376391983,200.15237154150205,0.03162055335968379,6329.818750000002,30.82078514911748
108,2025-01-27,SEARCH,DV360,TOPO,13382347,15019,64491.961684000016,903,5,1,28,0.0011222993993505025,0.060123843132032756,71.41966963898119,0.031007751937984496,0.005537098560354375,12898.392336800003,0.2,64491.961684000016,4.8191816939136325e-06
109,2025-01-27,SEARCH,SEARCH,MEIO,98688,5951,10671.223282,3744,18,1,119,0.06030115110246433,0.6291379600067215,2.8502198936965812,0.03178418803418803,0.004807692307692308,592.845737888889,0.05555555555555555,10671.223282,1.793181529490842
110,2025-01-27,SEARCH,SEARCH,FUNDO,20979,1088,3416.907007,835,13,1,89,0.05186138519471853,0.7674632352941176,4.0921042,0.10658682634730539,0.015568862275449102,262.8390005384615,0.07692307692307693,3416.907007,33.49908830392157
112,2025-01-27,DEMAND GEN,DEMAND GEN,FUNDO,550464,8341,10688.291949,1306,4,1,42,0.015152671201023137,0.15657595012588418,8.183990772588055,0.03215926493108729,0.0030627871362940277,2672.07298725,0.25,10688.291949,232.35417280434783
113,2025-01-27,SEARCH,OPORTUNIDADES,FUNDO,193270,11792,33182.33486,9500,183,3,1114,0.06101309049516221,0.8056309362279511,3.492877353684211,0.11726315789473685,0.019263157894736843,181.32423420765028,0.01639344262295082,11060.778286666668,25.583912767925984
117,2025-01-27,SEARCH,GENERICA,FUNDO,214552,14047,54978.90570200003,13235,262,31,1455,0.0654713076550207,0.9421940627892077,4.1540540764639236,0.10993577635058557,0.019795995466565925,209.84315153435128,0.1183206106870229,1773.5130871612914,32.02032947117067
119,2025-01-26,PMAX,PMAX,FUNDO,5786662,222124,274838.978188,96281,595,5,2508,0.03838551482702809,0.4334560875907151,2.854550515553432,0.026048753128862394,0.006179827795722936,461.91424905546216,0.008403361344537815,54967.79563759999,88.5720200412504
121,2025-01-26,SEARCH,SEARCH,MEIO,67501,3835,7059.909077,2362,10,1,46,0.05681397312632405,0.6159061277705346,2.988953885266723,0.01947502116850127,0.004233700254022015,705.9909077,0.1,7059.909077,1.8409150135593222
124,2025-01-26,SEARCH,OPORTUNIDADES,FUNDO,179068,5511,15842.24817,4335,69,3,418,0.030776018049009316,0.7866086009798585,3.654497847750865,0.09642445213379469,0.01591695501730104,229.5977995652174,0.043478260869565216,5280.74939,32.53028371663245
126,2025-01-26,SEARCH,MARCAS,FUNDO,58932,21549,35358.571447,19509,740,8,3111,0.3656587253105274,0.9053320339690937,1.8124235710185044,0.1594648623712133,0.03793121123583987,47.78185330675676,0.010810810810810811,4419.821430875,9.181659685016879
130,2025-01-26,META,META,FUNDO,18420048,89037,256752.57999699994,37611,482,9,2142,0.00483370075908597,0.4224198928535328,6.826528940921537,0.05695142378559464,0.012815399750073116,532.6817012385891,0.01867219917012448,28528.064444111104,97.8477820110518
132,2025-01-26,SEARCH,GENERICA,FUNDO,128801,8934,31419.995025000004,8438,142,19,722,0.06936281550609079,0.9444817550929036,3.723630602630956,0.08556529983408391,0.016828632377340603,221.2675705985916,0.13380281690140844,1653.6839486842107,36.36573498263889
133,2025-01-26,SEARCH,MICROSOFT,FUNDO,118566,4596,21882.080000000005,3597,91,6,457,0.03876322048479328,0.7826370757180157,6.083425076452601,0.12705031971087016,0.02529886016124548,240.46241758241763,0.06593406593406594,3647.0133333333342,39.930802919708036
139,2025-01-26,SEARCH,CURSOS,FUNDO,312154,20984,66235.32875100001,15783,271,28,1224,0.06722322955976857,0.752144491040793,4.196624770385859,0.07755179623645694,0.01717037318633973,244.41080719926202,0.1033210332103321,2365.5474553928575,44.30456772642141
140,2025-01-25,META,META,FUNDO,13275615,74092,187460.969994,34616,378,5,1551,0.005581059709851483,0.4672029368892728,5.415442858620292,0.04480587011786457,0.010919805870117864,495.9284920476191,0.013227513227513227,37492.1939988,97.18038879937792
143,2025-01-25,SEARCH,SEARCH,FUNDO,32518,1099,3672.3089700000005,713,8,2,42,0.03379666646165201,0.6487716105550501,5.150503464235625,0.05890603085553997,0.011220196353436185,459.03862125000006,0.25,1836.1544850000002,73.4461794
145,2025-01-25,SEARCH,CURSOS,FUNDO,333679,23648,63239.10804500001,16093,238,36,1145,0.07087050728394655,0.6805226657645467,3.9296034328590075,0.07114894674703287,0.01478903871248369,265.71053800420174,0.15126050420168066,1756.641890138889,45.726036185827915
147,2025-01-25,PMAX,PMAX,FUNDO,3524136,127085,245939.799614,85490,466,7,2213,0.03606132112949103,0.6726993744344336,2.876825355176044,0.025886068546028776,0.005450929933325535,527.7678103304721,0.015021459227467811,35134.257087714286,91.802836735349
149,2025-01-25,SEARCH,MARCAS,FUNDO,58518,18789,31511.835339,18081,494,8,2470,0.3210806931200656,0.9623183777742296,1.7428148519993363,0.13660748852386484,0.027321497704772966,63.78914036234818,0.016194331983805668,3938.979417375,10.631523393724697
150,2025-01-25,DEMAND GEN,DEMAND GEN,FUNDO,800099,12552,13184.350751,1800,8,1,26,0.01568805860274791,0.14340344168260039,7.324639306111111,0.014444444444444444,0.0044444444444444444,1648.043843875,0.125,13184.350751,387.7750220882353
151,2025-01-25,SEARCH,SEARCH,MEIO,71180,3667,6492.934367,2260,4,1,47,0.051517280134869343,0.6163076083992365,2.8729798084070794,0.02079646017699115,0.0017699115044247787,1623.23359175,0.25,6492.934367,1.7706393146986636
152,2025-01-25,TIKTOK,TIKTOK,FUNDO,397367,3745,3675.290000000002,2212,12,1,28,0.009424537014900583,0.5906542056074766,1.661523508137433,0.012658227848101266,0.0054249547920434,306.2741666666668,0.08333333333333333,3675.290000000002,91.88225000000004
157,2025-01-25,SEARCH,MICROSOFT,FUNDO,81204,3744,17765.670000000002,3176,88,5,430,0.0461061031476282,0.8482905982905983,5.593724811083124,0.1353904282115869,0.027707808564231738,201.88261363636366,0.056818181818181816,3553.1340000000005,34.29666023166023
158,2025-01-25,SEARCH,OPORTUNIDADES,FUNDO,196619,6926,21417.588489,5362,99,3,532,0.03522548685528865,0.7741842333237078,3.9943283269302503,0.09921671018276762,0.01846325997762029,216.33927766666667,0.030303030303030304,7139.1961630000005,33.9422955451664
159,2025-01-25,SEARCH,GENERICA,FUNDO,128131,8689,30534.798749,8500,139,16,709,0.06781340971349635,0.9782483599953965,3.5923292645882356,0.08341176470588235,0.016352941176470587,219.6748111438849,0.11510791366906475,1908.4249218125,36.00801739268868
160,2025-01-24,PMAX,PMAX,FUNDO,6105989,224674,343965.37629,138629,657,5,3348,0.036795677162209106,0.6170228864933192,2.481193518600004,0.024150790960044435,0.004739268118503343,523.5393855251141,0.0076103500761035,68793.075258,85.88398908614232
164,2025-01-24,DEMAND GEN,DEMAND GEN,FUNDO,478889,4272,10449.737091,688,9,1,33,0.008920647582216338,0.16104868913857678,15.188571353197675,0.04796511627906977,0.01308139534883721,1161.081899,0.1111111111111111,10449.737091,248.8032640714286
165,2025-01-24,SEARCH,CURSOS,FUNDO,445440,28822,107773.15773300001,20845,346,47,1952,0.0647045617816092,0.7232322531399625,5.1702162500839535,0.0936435596066203,0.0165987047253538,311.48311483526015,0.13583815028901733,2293.045909212766,46.898676124020895
166,2025-01-24,DEMAND GEN,DEMAND GEN,MEIO,946841,26863,1299.294009,6807,3,1,7,0.02837118375735736,0.25339686557718794,0.19087615821947995,0.001028353165858675,0.00044072278536800354,433.098003,0.3333333333333333,1299.294009,0.048367420206231616
167,2025-01-24,SEARCH,GENERICA,FUNDO,244811,14716,63509.43091199999,13243,178,19,1242,0.06011167798832569,0.8999048654525686,4.795698173525635,0.09378539605829495,0.013441063203201691,356.7945556853932,0.10674157303370786,3342.601626947368,44.72495134647887
168,2025-01-24,SEARCH,MICROSOFT,FUNDO,177160,7541,35077.530000000006,6548,161,7,991,0.042566041995935874,0.8683198514785837,5.356983811850948,0.1513439218081857,0.024587660354306658,217.87285714285719,0.043478260869565216,5011.075714285716,30.449244791666672
169,2025-01-24,SEARCH,SEARCH,FUNDO,73916,2391,8696.941204,1590,21,3,103,0.03234752962822664,0.6649937264742786,5.469774342138365,0.06477987421383648,0.013207547169811321,414.14005733333335,0.14285714285714285,2898.9804013333337,70.13662261290322
172,2025-01-24,SEARCH,SEARCH,MEIO,103154,5558,9700.881883,3380,6,1,61,0.053880605696337514,0.6081324217344368,2.870083397337278,0.01804733727810651,0.0017751479289940828,1616.8136471666667,0.16666666666666666,9700.881883,1.7453907670025188
173,2025-01-24,TIKTOK,TIKTOK,FUNDO,1438682,9866,9150.250000000002,6766,9,1,40,0.006857665557781358,0.6857895803770525,1.352386934673367,0.005911912503694945,0.0013301803133313626,1016.6944444444447,0.1111111111111111,9150.250000000002,186.73979591836738
174,2025-01-24,META,META,FUNDO,17993601,89736,265291.530007,42197,516,6,2248,0.004987106249605068,0.4702349112953553,6.286976088513402,0.05327392942626253,0.01222835746617058,514.1308721065892,0.011627906976744186,44215.25500116667,95.9810166450796
175,2025-01-24,SEARCH,OPORTUNIDADES,FUNDO,605519,22373,75391.83739600002,14605,254,3,1549,0.03694846899932124,0.652795780628436,5.162056651557687,0.10605956864087641,0.017391304347826087,296.818257464567,0.011811023622047244,25130.61246533334,41.81466300388243
176,2025-01-24,SEARCH,MARCAS,FUNDO,110805,33657,61170.51186399999,31377,1130,7,4648,0.3037498307838094,0.9322577769854711,1.9495334756031486,0.1481339834910922,0.036013640564744875,54.133196339823,0.006194690265486726,8738.644552,10.586796791969538
180,2025-01-23,SEARCH,CURSOS,FUNDO,425891,28449,127270.75040999996,21040,387,40,1971,0.06679878184793762,0.7395690533937924,6.048990038498097,0.0936787072243346,0.018393536121673004,328.8649881395348,0.10335917312661498,3181.768760249999,53.97402477099235
182,2025-01-23,PMAX,PMAX,FUNDO,8612764,357877,401937.544942,188567,740,6,3517,0.04155193385073595,0.5269044951198317,2.1315370395774447,0.018651195596260214,0.003924334586645596,543.1588445162163,0.008108108108108109,66989.59082366667,94.41802794033357
183,2025-01-23,META,META,FUNDO,25536887,123284,408799.72000000003,52343,629,8,2741,0.004827683186286566,0.42457253171538883,7.810017003228704,0.052366123454903234,0.012016888600194868,649.9200635930048,0.012718600953895072,51099.965000000004,121.30555489614244
185,2025-01-23,DEMAND GEN,DEMAND GEN,FUNDO,439446,2782,10416.766424,632,4,1,37,0.006330698197275661,0.2271746944644141,16.48222535443038,0.058544303797468354,0.006329113924050633,2604.191606,0.25,10416.766424,254.06747375609754
186,2025-01-23,SEARCH,GENERICA,FUNDO,252714,17094,75263.63284199998,14685,245,23,1348,0.06764168190127971,0.859073359073359,5.12520482410623,0.09179434797412325,0.016683690840994213,307.1985013959183,0.09387755102040816,3272.331862695651,47.24647384934085
189,2025-01-23,SEARCH,MARCAS,FUNDO,97699,34898,64242.15380099999,32836,1236,8,4749,0.357199152499002,0.9409135193993925,1.9564549214581555,0.14462784748446827,0.037641612863929835,51.97585258980582,0.006472491909385114,8030.269225124999,10.733860284210525
191,2025-01-23,TIKTOK,TIKTOK,FUNDO,3655842,22431,22718.430000000004,11960,16,2,76,0.006135659035592895,0.5331906736213277,1.8995342809364553,0.006354515050167224,0.0013377926421404682,1419.9018750000002,0.125,11359.215000000002,246.93945652173917
193,2025-01-23,SEARCH,MICROSOFT,FUNDO,128548,6187,26794.530000000002,5755,156,8,903,0.048129881445063326,0.9301761758525942,4.6558696785404,0.15690703735881842,0.027106863596872286,171.7598076923077,0.05128205128205128,3349.3162500000003,25.30172804532578
195,2025-01-23,DEMAND GEN,DEMAND GEN,MEIO,1152107,33065,1595.489474,9039,3,1,10,0.02869959127060247,0.2733706336004839,0.17651172408452262,0.0011063170704723973,0.00033189512114171923,531.8298246666667,0.3333333333333333,1595.489474,0.04825312185089974
199,2025-01-23,SEARCH,OPORTUNIDADES,FUNDO,131464,5729,22998.53407,5041,75,3,614,0.04357847015152437,0.8799092337231629,4.56229598690736,0.12180122991469947,0.014878000396746678,306.6471209333333,0.04,7666.178023333334,33.3795850072569
200,2025-01-22,DEMAND GEN,DEMAND GEN,FUNDO,663586,12162,11312.094684,1669,6,1,34,0.018327692265961006,0.13723071863180397,6.777767935290593,0.02037147992810066,0.0035949670461354103,1885.3491139999999,0.16666666666666666,11312.094684,282.80236709999997
201,2025-01-22,TIKTOK,TIKTOK,FUNDO,3441656,12572,22307.990000000005,9483,14,1,75,0.00365289267724607,0.7542952593063952,2.3524190656965103,0.007908889591901298,0.0014763260571549089,1593.4278571428574,0.07142857142857142,22307.990000000005,250.65157303370793
203,2025-01-22,SEARCH,MARCAS,FUNDO,101728,37409,71656.63006499999,36183,1124,10,5367,0.3677355300408934,0.967227137854527,1.9803949386452198,0.14832932592654008,0.031064311969709532,63.75145023576511,0.008896797153024912,7165.663006499999,11.039382231551377
205,2025-01-22,SEARCH,OPORTUNIDADES,FUNDO,136291,4813,19971.152281000002,4942,82,3,567,0.03531414400070437,1.0268024101392064,4.041107300890328,0.11473087818696884,0.01659247268312424,243.55063757317077,0.036585365853658534,6657.050760333334,30.772191496147922
208,2025-01-22,SEARCH,GENERICA,FUNDO,220940,15229,69212.35192900001,13794,250,26,1286,0.06892821580519598,0.9057718825924224,5.017569372843266,0.09322894011889227,0.01812382195157315,276.84940771600003,0.104,2662.0135357307695,45.06012495377605
209,2025-01-22,META,META,MEIO,6001151,148657,65055.040002999995,83285,1,1,4,0.024771414683616527,0.5602494332591132,0.7811135258810109,4.802785615657081e-05,1.2006964039142702e-05,65055.040002999995,1.0,65055.040002999995,0.43761841018586406
211,2025-01-22,SEARCH,CURSOS,FUNDO,348593,24178,112405.06230500003,19183,361,42,1774,0.06935882246631458,0.7934072297129622,5.8596185322942205,0.09247771464317364,0.018818745764478964,311.37136372576185,0.11634349030470914,2676.3110072619056,52.64874112646371
212,2025-01-22,PMAX,PMAX,FUNDO,19274091,777782,676481.4339579999,323006,944,7,4426,0.0403537577984871,0.41529117413362615,2.0943308605970166,0.01370253184151378,0.002922546330408723,716.6116885148305,0.007415254237288136,96640.20485114284,125.97419626778397
213,2025-01-22,SEARCH,MICROSOFT,FUNDO,138697,6390,27436.89999999999,6324,161,8,974,0.04607165259522556,0.9896713615023475,4.338535736875394,0.15401644528779254,0.025458570524984188,170.4155279503105,0.049689440993788817,3429.612499999999,24.173480176211445
215,2025-01-22,SEARCH,SEARCH,MEIO,102831,5578,9994.157124,3664,4,1,35,0.0542443426593148,0.6568662603083543,2.727662970524017,0.00955240174672489,0.001091703056768559,2498.539281,0.25,9994.157124,1.791709774829688
217,2025-01-22,DEMAND GEN,DEMAND GEN,MEIO,5891771,190960,11814.294566,127855,52,1,265,0.03241130722833593,0.6695381231671554,0.09240385253607603,0.0020726604356497594,0.0004067107269954245,227.19797242307692,0.019230769230769232,11814.294566,0.06186790200041894
218,2025-01-22,META,META,FUNDO,42286731,200456,689149.339991,76344,801,10,3689,0.004740399535731433,0.3808516582192601,9.026895892159175,0.04832075867127738,0.010491983652939327,860.3612234594258,0.012484394506866416,68914.9339991,153.48537638997774
221,2025-01-21,META,META,FUNDO,60626464,285722,911082.369999,104584,1164,8,5246,0.004712826398715914,0.36603411707883887,8.711489042291364,0.05016063642622198,0.011129809531094622,782.7168127139175,0.006872852233676976,113885.296249875,142.13453510124805
224,2025-01-21,SEARCH,OPORTUNIDADES,FUNDO,177585,7307,26397.282934999996,7399,174,4,972,0.04114649322859476,1.0125906664841933,3.5676825158805237,0.13136910393296392,0.023516691444789836,151.7085226149425,0.022988505747126436,6599.320733749999,23.034278302792316
226,2025-01-21,PMAX,PMAX,FUNDO,130665882,3973988,1706794.507807,746897,1241,5,5902,0.030413356104694568,0.18794646586753658,2.285180564129994,0.007902026651599886,0.0016615410156956046,1375.338040134569,0.0040290088638195,341358.90156140004,238.94645216393673
228,2025-01-21,TIKTOK,TIKTOK,MEIO,4946968,49134,18830.70000000001,17987,2,1,5,0.009932144295253173,0.36608051451133633,1.0469060988491694,0.00027797854005670765,0.00011119141602268305,9415.350000000006,0.5,18830.70000000001,0.3832519233117599
231,2025-01-21,TIKTOK,TIKTOK,FUNDO,2797461,13576,19777.140000000003,10775,32,3,99,0.004852972034283945,0.7936800235710076,1.835465429234339,0.009187935034802783,0.0029698375870069607,618.0356250000001,0.09375,6592.380000000001,150.97053435114506
232,2025-01-21,SEARCH,MARCAS,FUNDO,99274,38385,68588.934889,38653,1425,10,6154,0.38665713076938574,1.0069818939689983,1.7744789508964374,0.15921144542467597,0.0368664786691848,48.13258588701754,0.007017543859649123,6858.893488899999,9.049866062673175
234,2025-01-21,DEMAND GEN,DEMAND GEN,MEIO,10064647,309222,21885.636633,189372,95,2,448,0.030723581264201317,0.6124143819003822,0.11556954899879601,0.0023657140443148934,0.0005016581120757029,230.37512245263156,0.021052631578947368,10942.8183165,0.0707764539166036
235,2025-01-21,META,META,MEIO,11730401,222469,98420.31999999999,128306,2,1,15,0.018965165811467143,0.5767365340789053,0.7670749614203544,0.00011690801677240348,1.5587735569653796e-05,49210.159999999996,0.5,98420.31999999999,0.44240015462828525
236,2025-01-21,SEARCH,MICROSOFT,FUNDO,142286,7307,33161.67999999999,6628,204,8,1111,0.05135431454956918,0.9070754071438347,5.003270971635485,0.1676222088111044,0.030778515389257695,162.55725490196076,0.0392156862745098,4145.209999999999,25.218007604562732
237,2025-01-21,SEARCH,CURSOS,FUNDO,295168,16128,93270.56445399999,17303,423,45,1852,0.05464006938421509,1.0728546626984128,5.390427350979598,0.10703346240536322,0.024446627752412877,220.4977883073286,0.10638297872340426,2072.679210088889,40.99805030945055
239,2025-01-21,SEARCH,OPORTUNIDADES,MEIO,54294,3875,7365.461412,2947,13,1,336,0.07137068552694589,0.7605161290322581,2.499308249745504,0.11401425178147269,0.004411265693926026,566.5739547692308,0.07692307692307693,7365.461412,1.9007642353548386
241,2025-01-21,SEARCH,GENERICA,FUNDO,168148,11261,47575.585637,11757,230,22,1124,0.06697076385089326,1.0440458218630673,4.046575285957302,0.09560261971591393,0.019562813642936123,206.8503723347826,0.09565217391304348,2162.5266198636364,35.13706472451994
242,2025-01-20,SEARCH,MICROSOFT,FUNDO,210256,7623,35318.9,6955,226,7,1129,0.03625580245034624,0.9123704578250033,5.0782027318475915,0.1623292595255212,0.03249460819554278,156.2783185840708,0.030973451327433628,5045.557142857143,26.065608856088563
245,2025-01-20,META,META,MEIO,23930642,363328,177165.959999,201333,4,2,17,0.015182542950581936,0.5541356570371675,0.879964834373898,8.443722588944684e-05,1.9867582562222784e-05,44291.48999975,0.5,88582.9799995,0.4876198916653823
246,2025-01-20,SEARCH,MARCAS,FUNDO,72356,33360,48506.19820299999,37930,1711,9,6763,0.46105367903145555,1.1369904076738608,1.2788346481149484,0.1783021355127867,0.04510941207487477,28.34961905493863,0.005260081823495032,5389.577578111111,5.724120628156713
248,2025-01-20,SEARCH,MICROSOFT,MEIO,5568850,41203,15151.399999999998,13432,13,1,67,0.007398834588828933,0.325995679926219,1.1280077427039903,0.004988088147706968,0.0009678379988088148,1165.4923076923076,0.07692307692307693,15151.399999999998,0.3677256510448268
250,2025-01-20,SEARCH,CURSOS,FUNDO,391332,20578,136024.221413,22341,556,55,2433,0.052584506250447194,1.0856740207989115,6.088546681571997,0.1089029139250705,0.02488697909672799,244.64788023920863,0.09892086330935251,2473.1676620545454,45.50827079725661
252,2025-01-20,PMAX,PMAX,FUNDO,28602105,1066339,875835.3438549999,354637,1786,8,8065,0.03728183642427716,0.3325743501831969,2.469667135281992,0.022741563909011185,0.0050361355414127685,490.38933026595737,0.004479283314669653,109479.41798187498,88.90826757232767
253,2025-01-20,META,META,FUNDO,57345598,271623,866472.0500060001,99051,1354,10,5938,0.0047365972188484285,0.36466352260301965,8.747736519631301,0.059948915205298284,0.013669725696863233,639.9350443175776,0.007385524372230428,86647.2050006,118.82502057131104
254,2025-01-20,DEMAND GEN,DEMAND GEN,FUNDO,2868169,26004,41599.891772,16409,54,1,314,0.009066411358605439,0.6310183048761729,2.5351875051496133,0.01913584008775672,0.003290876957767079,770.3683661481482,0.018518518518518517,41599.891772,113.04318416304349
257,2025-01-20,SEARCH,OPORTUNIDADES,FUNDO,204894,9417,39527.13249500001,9740,206,4,1371,0.045960350229874956,1.034299670808113,4.058227155544149,0.14075975359342915,0.021149897330595482,191.87928395631073,0.019417475728155338,9881.783123750003,25.064763788839578
258,2025-01-20,SEARCH,OPORTUNIDADES,MEIO,110997,8718,16511.671798,5838,31,1,668,0.07854266331522473,0.6696490020646937,2.8283096605001714,0.1144227475162727,0.005310037684138403,532.6345741290322,0.03225806451612903,16511.671798,1.8939747416838724
259,2025-01-20,SEARCH,SEARCH,FUNDO,21117,728,4301.681348,698,29,1,78,0.034474593929061895,0.9587912087912088,6.162867260744986,0.11174785100286533,0.04154727793696275,148.3338395862069,0.034482758620689655,4301.681348,40.20262942056075
260,2025-01-20,TIKTOK,TIKTOK,FUNDO,5573508,20422,43022.02,18088,37,3,149,0.0036641196173038595,0.8857114876113995,2.3784840778416627,0.0082375055285272,0.0020455550641309155,1162.757297297297,0.08108108108108109,14340.673333333332,231.3011827956989
262,2025-01-20,SEARCH,GENERICA,FUNDO,204534,12579,57944.264285,12652,286,22,1373,0.06150077737686644,1.0058033229986485,4.579850164796079,0.10852039203288018,0.022605121719886184,202.60232267482516,0.07692307692307693,2633.8301947727273,34.92722380048222
263,2025-01-20,DEMAND GEN,DEMAND GEN,MEIO,29541878,980091,75199.016361,340152,118,1,658,0.03317632684015553,0.3470616503977692,0.2210747441173358,0.001934429313953762,0.00034690373715280225,637.2797996694916,0.00847457627118644,75199.016361,0.07672656555462708
265,2025-01-19,SEARCH,GENERICA,FUNDO,143472,7396,32430.124415000002,7761,150,16,678,0.05155012824802052,1.0493510005408329,4.178601264656617,0.08735987630459992,0.019327406262079627,216.20082943333335,0.10666666666666667,2026.8827759375001,39.16681692632851
266,2025-01-19,SEARCH,CURSOS,FUNDO,305482,15407,97937.08334800004,15612,306,29,1311,0.05043505018298951,1.0133056402933731,6.2731926305406125,0.0839738662567256,0.01960030745580323,320.05582793464066,0.09477124183006536,3377.1408051034496,60.56715111193571
267,2025-01-19,SEARCH,MICROSOFT,FUNDO,111078,3493,20521.47,3100,77,6,391,0.03144637101856353,0.8874892642427713,6.619829032258065,0.12612903225806452,0.024838709677419354,266.5125974025974,0.07792207792207792,3420.2450000000003,43.849294871794875
268,2025-01-19,SEARCH,SEARCH,MEIO,70590,4351,11941.562458,2877,5,1,47,0.061637625726023514,0.6612273040680303,4.150699498783455,0.016336461591936045,0.001737921445950643,2388.3124916,0.2,11941.562458,2.744555839577109
269,2025-01-19,PMAX,PMAX,FUNDO,10884401,345362,589608.364642,132110,764,9,3671,0.03172999598232369,0.38252616095575076,4.463010859450457,0.02778744985239573,0.005783059571569147,771.7386971753926,0.011780104712041885,65512.04051577777,132.94438887080042
271,2025-01-19,TIKTOK,TIKTOK,MEIO,21895684,198613,79082.11000000002,72679,2,1,15,0.009070874424384276,0.36593274357670447,1.0881012396978496,0.00020638698936419048,2.751826524855873e-05,39541.05500000001,0.5,79082.11000000002,0.39817187193184744
273,2025-01-19,TIKTOK,TIKTOK,FUNDO,14344516,47241,86414.05999999997,41972,38,2,134,0.0032933143230486133,0.8884655278254059,2.058850185838177,0.0031926045935385494,0.000905365481749738,2274.054210526315,0.05263157894736842,43207.029999999984,502.4073255813952
275,2025-01-19,SEARCH,OPORTUNIDADES,MEIO,105039,8724,16465.606922,5611,18,1,608,0.08305486533573245,0.6431682714351215,2.9345227093209765,0.1083585813580467,0.0032079843165211193,914.755940111111,0.05555555555555555,16465.606922,1.887391898441082
277,2025-01-19,META,META,FUNDO,58634585,284831,766851.7100019997,98588,868,10,3696,0.004857730296888773,0.34612805488166665,7.778347364811131,0.0374893496165862,0.008804316955410394,883.4697119838706,0.01152073732718894,76685.17100019997,168.02184706441713
279,2025-01-19,SEARCH,MICROSOFT,MEIO,5009978,38594,15194.839999999998,12935,4,1,27,0.007703427040996987,0.3351557236876198,1.174707383069192,0.0020873598763046,0.00030923850019327404,3798.7099999999996,0.25,15194.839999999998,0.3937099030937451
281,2025-01-19,DEMAND GEN,DEMAND GEN,FUNDO,7842844,76628,92830.430572,29605,47,1,230,0.009770435316576486,0.3863470271963251,3.1356335271744635,0.007768957946292856,0.0015875696672859314,1975.1155440851064,0.02127659574468085,92830.430572,335.12790820216605
282,2025-01-19,SEARCH,SEARCH,FUNDO,23938,828,6289.249557000001,697,28,1,72,0.034589355835909434,0.8417874396135265,9.023313568149213,0.10329985652797705,0.040172166427546625,224.6160556071429,0.03571428571428571,6289.249557000001,62.89249557000001
283,2025-01-19,DEMAND GEN,DEMAND GEN,MEIO,53915142,1592586,127450.96141999999,504177,76,2,436,0.029538751840809396,0.31657756629783257,0.252790114225758,0.0008647756641020912,0.0001507407120911902,1676.986334473684,0.02631578947368421,63725.480709999996,0.08002767914574158
285,2025-01-19,SEARCH,MARCAS,FUNDO,33536,14080,20847.442717,15749,593,7,2532,0.4198473282442748,1.118536931818182,1.323731203060512,0.16077211251508033,0.03765318432916376,35.15588991062395,0.011804384485666104,2978.2061024285717,6.67118166944
286,2025-01-19,SEARCH,OPORTUNIDADES,FUNDO,365147,12633,46360.639780000005,10399,181,4,1095,0.03459702530761584,0.8231615609910552,4.458182496393884,0.10529858640253871,0.01740551976151553,256.1361313812155,0.022099447513812154,11590.159945000001,36.332789796238245
288,2025-01-18,SEARCH,CURSOS,FUNDO,326214,16171,103432.362026,16322,313,27,1355,0.04957175351149859,1.0093377032960238,6.3369906890087,0.08301678715843647,0.01917657149859086,330.45483075399363,0.08626198083067092,3830.8282231851854,62.009809368105515
289,2025-01-18,DEMAND GEN,DEMAND GEN,FUNDO,8384942,86038,95018.90329700001,31454,25,1,241,0.0102610131352131,0.3655826495269532,3.0208845710243533,0.007661982577732562,0.0007948114707191454,3800.7561318800003,0.04,95018.90329700001,357.213922169173
290,2025-01-18,TIKTOK,TIKTOK,FUNDO,14557200,60486,90026.01000000004,47633,38,3,127,0.004155057291237326,0.7875045465066296,1.889992442214432,0.0026662187978922177,0.0007977662544874351,2369.1055263157905,0.07894736842105263,30008.670000000013,545.6121818181821
292,2025-01-18,SEARCH,OPORTUNIDADES,MEIO,162698,12566,23477.12993,7954,15,1,882,0.07723512274275038,0.6329778768104408,2.951613016092532,0.11088760372139804,0.0018858436007040482,1565.1419953333332,0.06666666666666667,23477.12993,1.8683057400923124
294,2025-01-18,DEMAND GEN,DEMAND GEN,MEIO,61544114,1805544,124914.885679,576889,71,1,510,0.02933739528689941,0.3195097987088656,0.21653192499596977,0.0008840522180176776,0.00012307393623383353,1759.364587028169,0.014084507042253521,124914.885679,0.06918407176950547
296,2025-01-18,SEARCH,SEARCH,MEIO,57639,3299,12811.322244,1953,8,1,50,0.05723555231700758,0.5919975750227342,6.559816817204301,0.025601638504864313,0.00409626216077829,1601.4152805,0.125,12811.322244,3.8833956483782965
297,2025-01-18,META,META,MEIO,22808317,369339,179153.10000099998,207163,2,1,17,0.016193171990726014,0.5609020439217088,0.864792940829202,8.206098579379522e-05,9.654233622799438e-06,89576.55000049999,0.5,179153.10000099998,0.4850641280801648
298,2025-01-18,SEARCH,GENERICA,FUNDO,156696,6731,28301.034264000005,7971,149,12,652,0.04295578700158268,1.1842222552369632,3.5504998449379004,0.0817965123572952,0.018692761259565926,189.93982727516783,0.08053691275167785,2358.4195220000006,35.33212767041199
299,2025-01-18,SEARCH,OPORTUNIDADES,FUNDO,912300,31007,101122.455581,19471,274,4,1951,0.03398772333662173,0.6279549779082143,5.193490605567254,0.10020029787889682,0.014072209953263828,369.0600568649635,0.014598540145985401,25280.61389525,45.44829464314607
300,2025-01-18,SEARCH,MARCAS,FUNDO,32281,13420,18117.238499999996,17156,559,9,2515,0.4157244199374245,1.2783904619970194,1.0560292900442991,0.14659594311028212,0.03258335276288179,32.410086762075125,0.016100178890876567,2013.0264999999995,5.893701528952503
305,2025-01-18,PMAX,PMAX,FUNDO,10548871,312336,576186.596547,116034,654,8,3552,0.029608476584840216,0.37150376517596434,4.965670377191168,0.030611717255287243,0.005636279021666063,881.0192607752293,0.012232415902140673,72023.324568375,136.99158263124107
306,2025-01-18,SEARCH,MICROSOFT,MEIO,5521705,42113,15530.880000000003,13936,7,1,33,0.007626810921626563,0.33091919359817634,1.1144431687715273,0.00236796785304248,0.0005022962112514351,2218.6971428571433,0.14285714285714285,15530.880000000003,0.3687906347208701
307,2025-01-18,SEARCH,MICROSOFT,FUNDO,163300,6325,36841.590000000004,4941,83,6,500,0.03873239436619718,0.7811857707509882,7.456302367941713,0.10119409026512852,0.016798218984011334,443.87457831325304,0.07228915662650602,6140.265,63.19312178387651
308,2025-01-18,META,META,FUNDO,57897075,266884,687780.6400080002,98070,670,10,3373,0.004609628379326589,0.3674630176406229,7.013160395717347,0.034393800346691136,0.0068318547975935555,1026.538268668657,0.014925373134328358,68778.06400080002,170.11640860944848
309,2025-01-17,TIKTOK,TIKTOK,FUNDO,15520522,56120,90999.65000000001,48587,27,3,135,0.003615857765608657,0.8657697790449038,1.8729217691975222,0.002778521003560623,0.0005557042007121246,3370.3574074074077,0.1111111111111111,30333.21666666667,561.7262345679013
313,2025-01-17,DEMAND GEN,DEMAND GEN,MEIO,53892766,1609097,127153.575869,526762,94,1,811,0.02985738382772931,0.32736497551110966,0.24138714612861215,0.001539594731586561,0.00017844871118265934,1352.6976156276594,0.010638297872340425,127153.575869,0.07902169718108976
314,2025-01-17,SEARCH,MARCAS,FUNDO,61527,24745,40255.916442,28858,1037,10,4635,0.4021811562403498,1.1662153970499092,1.394965570794927,0.16061404116709405,0.03593457620070691,38.81959155448409,0.009643201542912247,4025.5916442000002,7.097305437588153
315,2025-01-17,PMAX,PMAX,FUNDO,8620600,259947,663135.1203169998,111355,976,8,5413,0.030154165603322274,0.4283757842944908,5.955144540586412,0.04861030039064254,0.008764761348839297,679.4417216362704,0.00819672131147541,82891.89003962498,103.79325721036153
316,2025-01-17,SEARCH,SEARCH,MEIO,59814,3052,14393.801262,1588,8,1,43,0.05102484368208112,0.5203145478374837,9.06410658816121,0.02707808564231738,0.005037783375314861,1799.22515775,0.125,14393.801262,4.716186520969856
317,2025-01-17,SEARCH,GENERICA,FUNDO,350879,14322,74926.47295599998,13337,210,20,1126,0.04081748978992758,0.9312246892892054,5.617940538052035,0.08442678263477543,0.015745669940766288,356.79272836190466,0.09523809523809523,3746.323647799999,56.08268933832334
318,2025-01-17,SEARCH,OPORTUNIDADES,FUNDO,1724679,83323,302235.385589,50407,758,6,5784,0.048312178672089125,0.6049590149178499,5.995901077013113,0.11474596782192949,0.015037593984962405,398.72742162137206,0.0079155672823219,50372.56426483334,46.199233504891474
320,2025-01-17,SEARCH,MICROSOFT,FUNDO,232773,10658,59061.27999999999,8225,195,7,1038,0.04578709730080379,0.7717207731281667,7.180702735562309,0.12620060790273557,0.02370820668693009,302.87835897435895,0.035897435897435895,8437.325714285713,47.900470397404696
321,2025-01-17,SEARCH,MICROSOFT,MEIO,7766525,55703,21726.629999999994,18058,5,1,56,0.007172190909061646,0.3241836166813278,1.203158157049507,0.0031011186177871304,0.0002768855908738509,4345.325999999999,0.2,21726.629999999994,0.39004416279195003
322,2025-01-17,SEARCH,OPORTUNIDADES,MEIO,437250,33842,60638.492597000004,18456,30,2,2306,0.07739736992567181,0.5453578393711955,3.2855706868768966,0.12494581707845687,0.001625487646293888,2021.2830865666667,0.06666666666666667,30319.246298500002,1.7918117308965191
323,2025-01-17,SEARCH,CURSOS,FUNDO,619791,29332,205623.73960399994,26869,474,49,2440,0.047325630736812896,0.9160302741033683,7.652824429788974,0.09081097175183296,0.017641147791134765,433.8053578143459,0.10337552742616034,4196.402849061224,70.56408359780369
326,2025-01-17,DEMAND GEN,DEMAND GEN,FUNDO,6592366,63339,91679.42033600001,30246,52,1,362,0.009607931355753004,0.4775256950693885,3.0311254491833632,0.011968524763605104,0.0017192356014018382,1763.0657756923079,0.019230769230769232,91679.42033600001,221.44787520772948
327,2025-01-17,META,META,FUNDO,53712183,239900,673979.9299930002,91512,809,9,4117,0.004466398247116488,0.3814589412255106,7.364934981128161,0.04498863537022467,0.008840370661771135,833.1025092620522,0.011124845488257108,74886.65888811114,136.82093584916774
331,2025-01-16,SEARCH,MICROSOFT,MEIO,8146563,58250,24975.03,18844,9,2,69,0.0071502546534041415,0.3235021459227468,1.325357142857143,0.003661642963277436,0.0004776056039057525,2775.003333333333,0.2222222222222222,12487.515,0.42875587982832614
332,2025-01-16,SEARCH,MICROSOFT,FUNDO,163536,7342,36382.03,6537,192,6,977,0.04489531357010077,0.8903568509942795,5.565554535719749,0.14945693743307328,0.029371271225332722,189.48973958333332,0.03125,6063.671666666666,31.122352437981178
334,2025-01-16,PMAX,PMAX,FUNDO,4867277,134359,419715.77912799985,71002,813,6,4265,0.027604551785320623,0.5284498991507826,5.911323330723076,0.06006873045829695,0.011450381679389313,516.2555708831486,0.007380073800738007,69952.62985466664,82.65375721307599
339,2025-01-16,DEMAND GEN,DEMAND GEN,MEIO,77195453,2291958,198566.952313,695165,75,1,518,0.02969032385884179,0.3033061687866881,0.28564003123431125,0.0007451468356433365,0.00010788805535376493,2647.559364173333,0.013333333333333334,198566.952313,0.08663638352578887
340,2025-01-16,TIKTOK,TIKTOK,MEIO,21045403,195524,88682.89000000004,73155,4,1,12,0.009290579990319027,0.3741484421349809,1.2122601325951752,0.00016403526758253025,5.467842252751008e-05,22170.72250000001,0.25,88682.89000000004,0.45356524007283017
342,2025-01-16,META,META,FUNDO,66115469,260929,802566.8500010001,104725,989,9,4771,0.003946565061801195,0.40135439142448714,7.663565051334448,0.04555741227023156,0.009443781332060157,811.4932760374116,0.00910010111223458,89174.09444455557,139.33452256961806
343,2025-01-16,SEARCH,OPORTUNIDADES,FUNDO,380531,21118,86810.07662599998,15813,302,4,1929,0.0554961356630603,0.7487924992897055,5.489791729969012,0.12198823752608613,0.019098210333270093,287.45058485430457,0.013245033112582781,21702.519156499995,38.91083667682653
344,2025-01-16,SEARCH,MARCAS,FUNDO,91443,36385,60889.36239899999,34801,1303,11,5696,0.39789814419911856,0.9564655764738216,1.7496440446826238,0.16367345765926267,0.03744145283181518,46.730132309286255,0.00844205679201842,5535.396581727272,8.699723160308615
345,2025-01-16,SEARCH,GENERICA,FUNDO,272644,12580,63380.027481,12696,257,26,1227,0.046140754977186366,1.009220985691574,4.992125668005671,0.09664461247637052,0.02024259609325772,246.61489292217897,0.10116731517509728,2437.693364653846,42.708913396900265
346,2025-01-16,SEARCH,CURSOS,FUNDO,627881,36224,257298.39421400012,29844,562,51,2587,0.0576924608325463,0.8238736749116607,8.621444652660506,0.08668409060447661,0.018831255863825225,457.8263242241995,0.09074733096085409,5045.066553215688,81.70796894696733
347,2025-01-16,SEARCH,SEARCH,MEIO,62637,3378,15898.608829,1477,5,1,28,0.05392978590928684,0.43724097098875075,10.764122429925525,0.018957345971563982,0.003385240352064997,3179.7217658,0.2,15898.608829,4.706515343102428
348,2025-01-16,TIKTOK,TIKTOK,FUNDO,12792377,54077,82602.95000000001,46219,40,4,172,0.004227283170281802,0.8546886846533647,1.7872076418788811,0.0037214132715982606,0.0008654449468833164,2065.0737500000005,0.1,20650.737500000003,389.6365566037736
350,2025-01-16,DEMAND GEN,DEMAND GEN,FUNDO,8936630,81673,135305.020547,29885,58,1,343,0.009139127389183618,0.3659103987854003,4.5275228558474145,0.0114773297640957,0.0019407729630249288,2332.8451818448275,0.017241379310344827,135305.020547,337.41900385785533
351,2025-01-15,SEARCH,MARCAS,FUNDO,104545,40234,68334.053587,38610,1446,12,6551,0.3848486297766512,0.9596361286474127,1.7698537577570579,0.16967106967106968,0.037451437451437454,47.25729846957123,0.008298755186721992,5694.5044655833335,8.54496105877204
352,2025-01-15,PMAX,PMAX,FUNDO,4881857,96351,497673.679008,67355,957,8,4954,0.01973654697382574,0.6990586501437452,7.388815663395442,0.07355059015663276,0.01420829930962809,520.0351922758621,0.008359456635318705,62209.209876,84.19449822500422
353,2025-01-15,TIKTOK,TIKTOK,FUNDO,16942371,113071,92912.38,58660,33,2,181,0.006673859284512185,0.51878907942797,1.5839137401977499,0.0030855779065802934,0.000562563927719059,2815.5266666666666,0.06060606060606061,46456.19,434.17
354,2025-01-15,SEARCH,MICROSOFT,MEIO,12808850,73646,47076.75,26379,13,4,91,0.005749618427883846,0.35818645954973793,1.7846298191743433,0.003449713787482467,0.0004928162553546381,3621.2884615384614,0.3076923076923077,11769.1875,0.639230236536947
355,2025-01-15,SEARCH,SEARCH,FUNDO,81405,2520,21390.883575,1972,85,1,245,0.03095632946379215,0.7825396825396825,10.847304044117648,0.1242393509127789,0.04310344827586207,251.6574538235294,0.011764705882352941,21390.883575,64.82085931818182
356,2025-01-15,SEARCH,SEARCH,MEIO,57406,2961,13893.893987,1215,4,1,23,0.051579974218722784,0.41033434650455924,11.435303693004116,0.018930041152263374,0.0032921810699588477,3473.47349675,0.25,13893.893987,4.692297867950017
359,2025-01-15,META,META,MEIO,28434583,411012,219916.46000300001,228625,4,2,32,0.014454651928603983,0.5562489659669304,0.9619090650759978,0.00013996719518862767,1.749589939857846e-05,54979.115000750004,0.5,109958.23000150001,0.5350609228027405
361,2025-01-15,SEARCH,OPORTUNIDADES,MEIO,427332,38347,63680.459588,9411,12,1,1111,0.08973584940982655,0.24541685138341982,6.766598617362661,0.11805334183402401,0.001275103602167676,5306.704965666667,0.08333333333333333,63680.459588,1.6606373272485462
364,2025-01-15,DEMAND GEN,DEMAND GEN,FUNDO,7790534,74495,124027.343903,32510,88,1,541,0.0095622456689105,0.4364051278609303,3.8150521040602894,0.016641033528145187,0.0027068594278683482,1409.4016352613637,0.011363636363636364,124027.343903,197.181786809221
366,2025-01-15,SEARCH,GENERICA,FUNDO,285942,12620,62980.316098,14666,293,21,1495,0.04413482454483776,1.1621236133122028,4.294307657029865,0.1019364516568935,0.0199781808264012,214.94988429351537,0.07167235494880546,2999.0626713333336,35.223890435123046
367,2025-01-15,META,META,FUNDO,78385723,313409,1000908.6300049999,121126,1314,13,5955,0.0039982918828215695,0.3864790098561305,8.263367320022125,0.04916368079520499,0.010848207651536417,761.7265068531202,0.00989345509893455,76992.97153884615,137.69550557229329
370,2025-01-15,SEARCH,OPORTUNIDADES,FUNDO,354741,17804,86533.063677,14879,279,5,1905,0.05018872924189761,0.83571107616266,5.815784910074601,0.1280327979030849,0.018751260165333693,310.1543500967742,0.017921146953405017,17306.6127354,39.621366152472525
371,2025-01-15,SEARCH,MICROSOFT,FUNDO,147902,6410,30104.57,6290,135,8,913,0.04333950859352815,0.9812792511700468,4.786100158982512,0.1451510333863275,0.021462639109697933,222.99681481481483,0.05925925925925926,3763.07125,28.725734732824428
372,2025-01-15,DEMAND GEN,DEMAND GEN,MEIO,78352960,2289105,196451.82710599998,669988,28,1,259,0.029215297035364074,0.2926855692508644,0.2932169338943384,0.0003865740878941115,4.17917932858499e-05,7016.1366823571425,0.03571428571428571,196451.82710599998,0.08582036521085751
373,2025-01-15,SEARCH,CURSOS,FUNDO,710703,41075,288506.49516100006,31194,612,61,2806,0.05779488759721008,0.7594400486914181,9.248781661890108,0.0899531961274604,0.019619157530294286,471.41584176633995,0.09967320261437909,4729.6146747704925,84.40798571123466
374,2025-01-14,DEMAND GEN,DEMAND GEN,FUNDO,7925481,93542,126283.48377600001,39281,141,1,784,0.01180269058748611,0.4199290158431507,3.2148744628700903,0.019958758687406125,0.003589521651689112,895.6275445106384,0.0070921985815602835,126283.48377600001,136.52268516324324
375,2025-01-14,SEARCH,CURSOS,FUNDO,578688,30805,220001.70182100002,25995,717,64,2992,0.053232484516699846,0.8438565167992209,8.463231460703982,0.11509905751105982,0.027582227351413732,306.83640421338913,0.08926080892608089,3437.5265909531254,59.31563812914533
376,2025-01-14,PMAX,PMAX,FUNDO,4903817,112075,530833.622521,72827,1209,7,6292,0.02285464567703077,0.6498059335266563,7.288967313235475,0.08639652875993793,0.01660098589808725,439.068339554177,0.005789909015715467,75833.37464585714,70.76838055205972
377,2025-01-14,SEARCH,MICROSOFT,FUNDO,264908,4503,23103.670000000006,5231,132,9,691,0.01699835414559017,1.1616699977792582,4.416683234563182,0.13209711336264576,0.025234180844962723,175.02780303030306,0.06818181818181818,2567.074444444445,28.07250303766708
379,2025-01-14,SEARCH,MICROSOFT,MEIO,12601938,80145,41417.329999999994,28402,13,3,79,0.006359736097733539,0.35438268138998064,1.4582539961974508,0.0027814942609675373,0.00045771424547567073,3185.9484615384613,0.23076923076923078,13805.776666666665,0.5167799613201073
380,2025-01-14,SEARCH,MARCAS,FUNDO,115140,44766,69731.547266,41592,1887,11,7888,0.3887962480458572,0.9290979761426083,1.6765615326505097,0.1896518561261781,0.04536930178880554,36.95365514891362,0.005829358770535241,6339.231569636363,7.133662124398977
383,2025-01-14,TIKTOK,TIKTOK,FUNDO,16302702,98079,92914.35999999999,77955,40,2,184,0.006016119291145725,0.7948184626678494,1.191897376691681,0.0023603360913347442,0.0005131165415945097,2322.8589999999995,0.05,46457.17999999999,414.79624999999993
384,2025-01-14,SEARCH,GENERICA,FUNDO,280234,12715,56498.16522,14199,344,27,1675,0.045372795592255044,1.1167125442390877,3.979024242552293,0.11796605394746108,0.02422705824353828,164.23885238372094,0.07848837209302326,2092.524637777778,27.983241812778605
386,2025-01-14,DEMAND GEN,DEMAND GEN,MEIO,69607776,1977377,194867.142937,655209,32,1,228,0.02840741528647604,0.3313525948769506,0.2974121889916042,0.0003479805680324904,4.8839377969472335e-05,6089.59821678125,0.03125,194867.142937,0.0985483005704021
387,2025-01-14,META,META,FUNDO,49778531,242830,806959.1800039998,101480,1559,10,6591,0.004878207434445986,0.4179055306181279,7.9519036263697265,0.06494875837603468,0.01536263303113914,517.6133290596536,0.006414368184733804,80695.91800039998,99.01339631950918
390,2025-01-14,META,META,MEIO,27257673,387532,201574.130003,209050,3,1,35,0.014217354504179429,0.5394393237203637,0.9642388423965559,0.00016742406122937097,1.435063381966037e-05,67191.37666766667,0.3333333333333333,201574.130003,0.5201483490473044
392,2025-01-14,SEARCH,OPORTUNIDADES,MEIO,620166,59940,95270.37769000001,13082,20,3,1781,0.09665154168400074,0.21825158491825158,7.282554478672987,0.1361412628038526,0.0015288182235132244,4763.5188845,0.15,31756.792563333336,1.5894290572238907
397,2025-01-14,SEARCH,OPORTUNIDADES,FUNDO,394345,17349,80434.96749000001,15325,379,4,2775,0.04399447184571885,0.8833362153438239,5.248611255464927,0.18107667210440456,0.02473083197389886,212.22946567282324,0.010554089709762533,20108.741872500003,25.50252615409005
399,2025-01-13,DEMAND GEN,DEMAND GEN,MEIO,65979680,1833336,188346.86655300003,606048,47,1,376,0.0277863730166621,0.3305711555328647,0.3107787940113655,0.0006204129045884154,7.755161307355193e-05,4007.3801394255324,0.02127659574468085,188346.86655300003,0.10273450505144721
400,2025-01-13,DEMAND GEN,DEMAND GEN,FUNDO,6545384,77556,99959.07830699999,28434,151,1,1020,0.011848961038802307,0.3666254061581309,3.5154771860097065,0.03587254695083351,0.0053105437152704505,661.980651039735,0.006622516556291391,99959.07830699999,85.36215056105891
401,2025-01-13,PMAX,PMAX,FUNDO,6254260,191686,608730.0273020001,108626,1658,7,9270,0.030648869730391767,0.566687186335987,5.603907234934547,0.08533868502936681,0.015263380774400235,367.14718172617614,0.004221954161640531,86961.4324717143,55.703699423682295
402,2025-01-13,META,META,TOPO,10062006,35752,48503.160001000004,5062,1,1,3,0.0035531682251034235,0.14158648467218618,9.581817463650731,0.0005926511260371395,0.00019755037534571315,48503.160001000004,1.0,48503.160001000004,4.820426463768756e-06
405,2025-01-13,SEARCH,SEARCH,FUNDO,110937,4046,32407.216576000003,3116,157,3,613,0.03647115029250836,0.7701433514582303,10.400262059050066,0.19672657252888318,0.05038510911424904,206.41539220382168,0.01910828025477707,10802.405525333334,42.087294254545455
407,2025-01-13,TIKTOK,TIKTOK,FUNDO,14482442,60546,91241.48999999999,50657,53,2,260,0.0041806485397973625,0.8366696396128563,1.8011625244290028,0.005132558185443275,0.001046252245494206,1721.5375471698112,0.03773584905660377,45620.744999999995,291.506357827476
408,2025-01-13,SEARCH,OPORTUNIDADES,FUNDO,1052348,56562,281290.512748,39024,1146,6,9758,0.05374837981352176,0.6899331706799618,7.208141470582206,0.25005125051250515,0.029366543665436656,245.45419960558462,0.005235602094240838,46881.752124666666,25.797002269625825
409,2025-01-13,META,META,FUNDO,38387934,187333,622636.5099980001,75457,1643,7,7354,0.00487999692820145,0.4027960903845025,8.251540745033596,0.09745948023377553,0.021773990484646885,378.9631832002435,0.00426049908703591,88948.07285685716,69.20490274513728
412,2025-01-13,SEARCH,MICROSOFT,MEIO,9969749,62173,32630.119999999995,22117,7,3,58,0.0062361650228105045,0.3557331960819005,1.475341140299317,0.0026224171451824387,0.00031649862097029435,4661.445714285714,0.42857142857142855,10876.706666666665,0.5248278191497916
414,2025-01-13,SEARCH,MICROSOFT,FUNDO,101630,4521,23997.599999999995,5178,188,8,763,0.04448489619206927,1.1453218314532183,4.634530706836616,0.1473541908072615,0.03630745461568173,127.64680851063827,0.0425531914893617,2999.6999999999994,25.234069400630908
416,2025-01-13,SEARCH,MARCAS,FUNDO,138048,56328,88071.68733700001,48432,2511,12,11112,0.40803198887343534,0.8598210481465701,1.8184606734596962,0.2294350842418236,0.05184588701684836,35.07434780446038,0.0047789725209080045,7339.3072780833345,6.4649260322249145
418,2025-01-13,SEARCH,CURSOS,FUNDO,760547,43457,258434.370104,32407,999,73,4254,0.057139138015139104,0.7457256598476655,7.974646530194094,0.1312679359397661,0.030826673249606567,258.69306316716717,0.07307307307307308,3540.196850739726,49.19748145897582
420,2025-01-13,SEARCH,GENERICA,FUNDO,318290,16550,69764.52294100002,17426,487,29,2379,0.05199660686795061,1.052930513595166,4.003473140192816,0.13652014231607942,0.02794674624124871,143.25364053593432,0.059548254620123205,2405.6732048620697,24.342122449755763
421,2025-01-12,SEARCH,OPORTUNIDADES,FUNDO,38893,1265,7590.065948999999,1545,24,3,160,0.03252513305736251,1.2213438735177866,4.912664044660193,0.10355987055016182,0.015533980582524271,316.25274787499995,0.125,2530.0219829999996,41.25035841847826
422,2025-01-12,SEARCH,MICROSOFT,FUNDO,1272590,11213,13525.220000000001,7284,42,6,192,0.008811164632756819,0.649603139213413,1.8568396485447558,0.026359143327841845,0.005766062602965404,322.0290476190477,0.14285714285714285,2254.2033333333334,57.80008547008548
424,2025-01-12,SEARCH,GENERICA,FUNDO,117700,6212,23595.544675999998,6757,112,17,516,0.052778249787595585,1.0877334191886672,3.4920148995116174,0.07636525085096936,0.016575403285481724,210.67450603571427,0.15178571428571427,1387.9732162352939,37.57252336942675
425,2025-01-12,META,META,FUNDO,38938630,179698,549592.0099999999,71739,921,4,3478,0.0046149029896532055,0.3992198021124331,7.660993462412354,0.048481300269030796,0.012838205160373019,596.7339956568945,0.004343105320304018,137398.00249999997,124.93566947033415
428,2025-01-12,SEARCH,MICROSOFT,MEIO,3232292,22527,10520.779999999997,7788,2,1,6,0.006969357966421351,0.3457184711679318,1.350896250642013,0.0007704160246533128,0.00025680534155110427,5260.3899999999985,0.5,10520.779999999997,0.46702978647844795
429,2025-01-12,DEMAND GEN,DEMAND GEN,FUNDO,2447356,28746,35467.011865,9186,17,1,79,0.011745737032127734,0.3195575036526821,3.860985397888091,0.008600043544524276,0.001850642281733072,2086.2948155882355,0.058823529411764705,35467.011865,369.4480402604167
432,2025-01-12,DEMAND GEN,DEMAND GEN,MEIO,31354990,866799,62419.129805,284534,11,1,46,0.02764469068559741,0.32825833901515805,0.21937318494450575,0.00016166784988788687,3.86597032340599e-05,5674.466345909091,0.09090909090909091,62419.129805,0.07201107731434854
435,2025-01-12,SEARCH,CURSOS,FUNDO,252042,15104,87766.59575099999,11956,284,39,1125,0.05992652018314408,0.7915783898305084,7.340799243141518,0.0940950150552024,0.023753763800602207,309.03730898239434,0.13732394366197184,2250.4255320769225,62.289989887154
438,2025-01-12,PMAX,PMAX,FUNDO,7175130,188153,283493.341628,71189,540,7,2112,0.02622293951468475,0.37835697544020025,3.9822632938796727,0.02966750481113655,0.007585441571029232,524.9876696814815,0.012962962962962963,40499.048804000005,106.89794179034692
439,2025-01-12,TIKTOK,TIKTOK,FUNDO,17528684,60389,89998.21000000002,50643,34,2,137,0.0034451530987722754,0.8386129924323966,1.7771105582212747,0.002705210986710898,0.000671366230278617,2647.006176470589,0.058823529411764705,44999.10500000001,526.305321637427
441,2025-01-12,SEARCH,MARCAS,FUNDO,37541,15491,25151.687128999994,15443,541,7,2365,0.41264217788551183,0.9969014266348202,1.6286788272356403,0.1531438192061128,0.03503205335750826,46.491103750462095,0.012939001848428836,3593.0981612857136,8.655088482105986
445,2025-01-11,SEARCH,CURSOS,FUNDO,267369,13878,75529.87666899999,11001,244,33,1041,0.05190579311737711,0.7926934716817985,6.865728267339332,0.09462776111262612,0.022179801836196708,309.54867487295076,0.13524590163934427,2288.784141484848,58.7781141392996
447,2025-01-11,DEMAND GEN,DEMAND GEN,MEIO,31464822,857258,62983.686152999995,276310,9,1,50,0.027244965822466754,0.32231836856582263,0.22794573541674204,0.00018095617241504109,3.2572111034707395e-05,6998.187350333333,0.1111111111111111,62983.686152999995,0.07347109756106096
448,2025-01-11,SEARCH,MICROSOFT,FUNDO,1233761,7913,20871.519999999997,5310,66,6,298,0.006413721944525722,0.6710476431189183,3.930606403013182,0.05612052730696798,0.012429378531073447,316.2351515151515,0.09090909090909091,3478.586666666666,57.33934065934065
450,2025-01-11,PMAX,PMAX,FUNDO,3371990,73513,183622.94473,33793,402,6,1711,0.021801072956918615,0.45968740222817733,5.433756835143373,0.05063178764832953,0.011895954783535051,456.7734943532338,0.014925373134328358,30603.824121666665,86.90153560340747
451,2025-01-11,SEARCH,OPORTUNIDADES,FUNDO,25009,917,5349.361813,1293,26,2,120,0.03666679995201727,1.4100327153762269,4.137170775715391,0.09280742459396751,0.020108275328692964,205.74468511538464,0.07692307692307693,2674.6809065,36.63946447260274
453,2025-01-11,DEMAND GEN,DEMAND GEN,FUNDO,2280921,24594,35051.770094,8065,14,1,62,0.010782486548196978,0.3279255102870619,4.346158722132672,0.0076875387476751395,0.001735895846249225,2503.6978638571427,0.07142857142857142,35051.770094,461.2075012368421
455,2025-01-11,SEARCH,MARCAS,FUNDO,37288,14816,23387.021953999996,15666,525,9,2382,0.3973396266895516,1.0573704103671706,1.4928521609855736,0.1520490233626963,0.03351206434316354,44.54670848380952,0.017142857142857144,2598.5579948888885,8.045071191606466
459,2025-01-11,META,META,FUNDO,29228851,129635,388507.5500040001,53440,685,7,2707,0.004435172631315545,0.4122343502912022,7.269976609356289,0.05065494011976048,0.01281811377245509,567.1643065751826,0.010218978102189781,55501.07857200001,114.53642393985851
462,2025-01-11,TIKTOK,TIKTOK,FUNDO,17413894,62923,101070.94000000003,51995,23,2,121,0.003613379063867048,0.8263274160481858,1.9438588325800563,0.002327146841042408,0.0004423502259832676,4394.388695652176,0.08695652173913043,50535.470000000016,701.881527777778
463,2025-01-11,SEARCH,GENERICA,FUNDO,106656,5493,20759.778782999994,5607,108,12,509,0.05150202520252025,1.0207536865101037,3.702475260032102,0.09077938291421438,0.019261637239165328,192.22017391666662,0.1111111111111111,1729.9815652499994,33.64631893517017
464,2025-01-10,DEMAND GEN,DEMAND GEN,FUNDO,2187665,17053,35983.84944400001,5843,17,1,117,0.007795069171925318,0.3426376590629215,6.158454465856582,0.02002396029436933,0.0029094643162758858,2116.6970261176475,0.058823529411764705,35983.84944400001,268.5361898805971
465,2025-01-10,TIKTOK,TIKTOK,FUNDO,13542104,57044,84110.12,46636,21,2,113,0.004212343960731656,0.8175443517284903,1.8035449009349,0.002423020842267776,0.00045029590874002916,4005.2438095238094,0.09523809523809523,42055.06,627.6874626865671
469,2025-01-10,DEMAND GEN,DEMAND GEN,MEIO,32116904,885383,65357.107654,299734,14,1,61,0.027567507752303894,0.3385359782150775,0.2180503635023054,0.00020351378222023528,4.67080811652999e-05,4668.364832428571,0.07142857142857142,65357.107654,0.0738178931084062
470,2025-01-10,SEARCH,MICROSOFT,FUNDO,1024726,10104,27094.039999999994,7757,131,8,614,0.009860196774552417,0.7677157561361837,3.492850328735335,0.07915431223411112,0.01688797215418332,206.82473282442743,0.061068702290076333,3386.754999999999,36.367838926174485
472,2025-01-10,SEARCH,MICROSOFT,MEIO,5332301,30543,13371.829999999996,10467,2,1,15,0.005727921210749356,0.34269718102347513,1.2775226903601793,0.0014330753797649756,0.00019107671730199676,6685.914999999998,0.5,13371.829999999996,0.4378034246799593
473,2025-01-10,SEARCH,CURSOS,FUNDO,406832,23169,129246.3408479999,17073,301,44,1580,0.05694979745939356,0.7368898096594587,7.57021852328237,0.09254378258068295,0.017630176301763018,429.3898367043186,0.1461794019933555,2937.4168374545434,68.71150496969692
474,2025-01-10,SEARCH,MARCAS,FUNDO,67840,25793,40679.555232,27217,886,9,3957,0.3802034198113208,1.0552087775753112,1.494637734945071,0.14538707425506117,0.03255318367196972,45.9137192234763,0.010158013544018058,4519.9505813333335,8.399660382407598
477,2025-01-10,SEARCH,OPORTUNIDADES,FUNDO,40118,1411,8757.765889,1897,49,3,233,0.035171244827758116,1.3444365698086465,4.616639899314707,0.12282551396942541,0.025830258302583026,178.72991610204082,0.061224489795918366,2919.2552963333333,31.05590740780142
478,2025-01-10,PMAX,PMAX,FUNDO,2441482,66002,241124.784581,37322,525,7,2254,0.027033580423693478,0.5654677130996031,6.460660859037565,0.06039333369058464,0.014066770269546112,459.28530396380955,0.013333333333333334,34446.39779728572,86.76674508132422
482,2025-01-10,META,META,FUNDO,24242274,114124,346912.109995,47814,586,6,2562,0.004707644175624778,0.4189653359503698,7.255450495566152,0.05358263270171916,0.012255824653867068,592.0001877047781,0.010238907849829351,57818.68499916667,110.20079733005083
483,2025-01-10,SEARCH,GENERICA,FUNDO,143847,7676,31370.919047,8070,149,18,746,0.0533622529493142,1.0513288170922355,3.8873505634448575,0.09244114002478315,0.018463444857496902,210.543080852349,0.12080536912751678,1742.8288359444443,35.05130619776536
487,2025-01-09,SEARCH,MARCAS,FUNDO,75546,28614,44645.666189,29443,1111,11,4692,0.3787626082122151,1.0289718319703642,1.516342294908807,0.15935876099582244,0.03773392656998268,40.18511808190819,0.009900990099009901,4058.6969262727275,7.693549231259694
489,2025-01-09,DEMAND GEN,DEMAND GEN,MEIO,34211587,937438,63280.311585,310201,22,1,104,0.02740118428297407,0.33090295038178524,0.20399776785052273,0.00033526648850261604,7.09217571832457e-05,2876.377799318182,0.045454545454545456,63280.311585,0.06750346325303647
490,2025-01-09,SEARCH,OPORTUNIDADES,FUNDO,75490,2893,22915.143164999998,3208,78,4,394,0.038322956683004374,1.108883511925337,7.143124427992518,0.12281795511221945,0.024314214463840397,293.7838867307692,0.05128205128205128,5728.785791249999,48.54903212923728
492,2025-01-09,DEMAND GEN,DEMAND GEN,FUNDO,2005683,27846,33467.417197999996,9509,22,1,142,0.0138835498929791,0.3414853120735474,3.5195517086970236,0.014933221158902093,0.0023135976443369437,1521.2462362727272,0.045454545454545456,33467.417197999996,204.0696170609756
493,2025-01-09,META,META,TOPO,11090152,42700,46718.670002,7637,2,2,8,0.003850262827777293,0.17885245901639343,6.117411287416525,0.0010475317533062722,0.00026188293832656804,23359.335001,1.0,23359.335001,4.212626662105262e-06
496,2025-01-09,SEARCH,CURSOS,FUNDO,614719,36394,214570.85250700006,24944,503,48,2234,0.059204286836749796,0.68538770126944,8.602102810575692,0.08956061577934574,0.020165169980756896,426.5822117435389,0.09542743538767395,4470.226093895834,78.39636554877606
497,2025-01-09,TIKTOK,TIKTOK,FUNDO,10762761,76712,68472.70999999998,61139,27,1,132,0.007127539113801746,0.7969939514026488,1.119951422169155,0.0021590147041986294,0.00044161664404062875,2536.0262962962956,0.037037037037037035,68472.70999999998,430.64597484276715
498,2025-01-09,META,META,FUNDO,24932517,117490,335650.87000000005,49544,715,7,2777,0.004712320059783776,0.4216869520810282,6.77480360891329,0.05605118682383336,0.014431616341030195,469.4417762237763,0.009790209790209791,47950.12428571429,96.1199513172967
499,2025-01-09,TIKTOK,TIKTOK,TOPO,2446366,5739,14736.930000000002,1213,13,1,17,0.0023459286141157944,0.21136086426206657,12.14915910964551,0.014014839241549877,0.010717230008244023,1133.6100000000001,0.07692307692307693,14736.930000000002,6.02400867245539e-06
500,2025-01-09,PMAX,PMAX,FUNDO,2658922,60378,246070.20189499998,38744,676,7,2651,0.02270769883433963,0.6416906820365034,6.351182167432376,0.06842349783192236,0.017447862894899857,364.00917440088756,0.010355029585798817,35152.88598499999,73.96158758491133
503,2025-01-09,SEARCH,MICROSOFT,FUNDO,608978,7748,26213.139999999996,6229,160,8,727,0.01272295550906601,0.8039494062983996,4.208242093433937,0.11671215283352063,0.025686305988120082,163.83212499999996,0.05,3276.6424999999995,29.5525817361894
504,2025-01-09,SEARCH,SEARCH,FUNDO,16732,476,3832.937187,375,14,1,43,0.028448481950753047,0.7878151260504201,10.221165832,0.11466666666666667,0.037333333333333336,273.7812276428571,0.07142857142857142,3832.937187,67.24451205263158
505,2025-01-09,SEARCH,GENERICA,FUNDO,174495,9607,38924.50618000001,9733,193,17,1018,0.055056018797100204,1.0131154366607682,3.9992300606185154,0.10459262303503544,0.019829446213911434,201.6813791709845,0.08808290155440414,2289.6768341176476,32.14244936416186
507,2025-01-08,SEARCH,CURSOS,FUNDO,675558,43323,245914.1470410001,26695,466,46,2336,0.06412920874299469,0.6161853980564597,9.211992771717554,0.08750702378722608,0.017456452519198352,527.7127618905581,0.09871244635193133,5345.959718282611,87.76379266274094
508,2025-01-08,DEMAND GEN,DEMAND GEN,FUNDO,2064388,22658,33194.788367,2830,13,1,70,0.01097564992627355,0.12490069732544797,11.729607196819789,0.024734982332155476,0.004593639575971731,2553.445259,0.07692307692307693,33194.788367,399.93720924096385
512,2025-01-08,META,META,FUNDO,17920515,83650,224087.52000199998,31819,484,5,1991,0.004667834601851565,0.3803825463239689,7.042569533989125,0.06257267670259907,0.015211037430466074,462.9907438057851,0.010330578512396695,44817.5040004,90.54041212202019
513,2025-01-08,DEMAND GEN,DEMAND GEN,MEIO,39909018,1123059,63993.944694000005,319542,42,1,198,0.028140481933181118,0.2845282393890259,0.20026771032915863,0.0006196368552490752,0.0001314381208104099,1523.665349857143,0.023809523809523808,63993.944694000005,0.05698181902642693
514,2025-01-08,SEARCH,SEARCH,FUNDO,17125,513,3377.951729,341,27,1,53,0.029956204379562045,0.6647173489278753,9.90601680058651,0.15542521994134897,0.07917888563049853,125.1093232962963,0.037037037037037035,3377.951729,42.2243966125
516,2025-01-08,TIKTOK,TIKTOK,FUNDO,12532401,73666,72126.59999999999,47313,37,1,171,0.00587804364063997,0.6422637308934922,1.524456280514869,0.0036142286475175957,0.0007820260816266142,1949.3675675675672,0.02702702702702703,72126.59999999999,346.76249999999993
517,2025-01-08,SEARCH,GENERICA,FUNDO,209650,11821,44689.310440999994,10942,195,16,1104,0.05638445027426663,0.9256408087302259,4.0841994554012055,0.10089563151160666,0.017821239261560956,229.17595097948714,0.08205128205128205,2793.0819025624996,34.402856382601996
519,2025-01-08,PMAX,PMAX,FUNDO,2011229,61660,272735.51664100005,37827,659,6,2633,0.03065787138113064,0.6134771326629906,7.210075254209957,0.0696063658233537,0.017421418563459964,413.86269596509874,0.009104704097116844,45455.919440166675,82.84796981804377
521,2025-01-08,SEARCH,MICROSOFT,FUNDO,307690,6208,17050.44,5057,159,7,714,0.02017615132113491,0.8145940721649485,3.371651176586909,0.1411904291081669,0.03144156614593632,107.2354716981132,0.0440251572327044,2435.7771428571427,19.53085910652921
522,2025-01-08,SEARCH,OPORTUNIDADES,FUNDO,110930,5213,41077.051568999996,4061,88,3,503,0.04699359956729469,0.7790140034529062,10.115009004924895,0.12386111795124354,0.02166953952228515,466.7846769204545,0.03409090909090909,13692.350523,69.50431737563451
523,2025-01-08,SEARCH,MARCAS,FUNDO,84746,33933,50060.992734,29421,1174,11,4789,0.4004082788568192,0.8670320926531695,1.7015394695625574,0.16277488868495293,0.039903470310322556,42.64139074446337,0.009369676320272573,4550.999339454545,8.39526961831293
526,2025-01-07,META,META,MEIO,7596195,158653,51804.749997000006,91110,1,1,9,0.020885851403235435,0.5742721536939106,0.5685956535726047,9.878169245966414e-05,1.0975743606629349e-05,51804.749997000006,1.0,51804.749997000006,0.32652865055813635
527,2025-01-07,TIKTOK,TIKTOK,FUNDO,11021167,34234,63564.42000000001,24115,37,1,179,0.0031062046333205913,0.7044166617982123,2.6358872071324906,0.007422765913331951,0.0015343147418619117,1717.9572972972976,0.02702702702702703,63564.42000000001,294.2797222222223
529,2025-01-07,SEARCH,OPORTUNIDADES,FUNDO,123203,5543,44372.67619800001,4515,102,3,598,0.04499078756199119,0.8145408623489085,9.827835259800667,0.13244739756367663,0.022591362126245847,435.0262372352942,0.029411764705882353,14790.892066000002,63.389537425714295
532,2025-01-07,SEARCH,GENERICA,FUNDO,215299,12243,48228.99738799999,11431,191,17,1070,0.05686510387879182,0.9336763865065751,4.219140704050388,0.0936051089143557,0.016708949348263495,252.50783972774863,0.08900523560209424,2836.9998463529405,38.24662758762886
534,2025-01-07,SEARCH,MARCAS,FUNDO,82336,31577,42720.852851,30654,1812,12,4981,0.3835138942868247,0.970769864141622,1.3936469253930972,0.16249102890324266,0.05911137208847132,23.57662960871965,0.006622516556291391,3560.071070916667,6.2889522819078465
535,2025-01-07,DEMAND GEN,DEMAND GEN,MEIO,35703631,1068285,88148.01164499999,303292,44,1,230,0.029920906363837336,0.2839055121058519,0.29063744393192037,0.0007583450931775319,0.0001450747134774409,2003.363901022727,0.022727272727272728,88148.01164499999,0.08251357235662767
537,2025-01-07,META,META,FUNDO,15772728,69822,189682.20999000012,29166,430,4,1929,0.004426754839112168,0.4177193434734038,6.503538709113355,0.06613865459781938,0.014743194130151547,441.12141858139563,0.009302325581395349,47420.55249750003,80.40788893175079
539,2025-01-07,SEARCH,CURSOS,FUNDO,603712,42036,233331.31682099993,27495,517,42,2519,0.06962922718117248,0.6540822152440765,8.486318124058917,0.09161665757410438,0.018803418803418803,451.3178275067697,0.08123791102514506,5555.507543357141,76.85484743774701
540,2025-01-07,DEMAND GEN,DEMAND GEN,FUNDO,2220368,21941,33183.911013,6641,33,1,116,0.009881695286547094,0.3026753566382571,4.996824425990061,0.017467248908296942,0.004969131154946544,1005.5730609999999,0.030303030303030304,33183.911013,222.7108121677852
545,2025-01-07,PMAX,PMAX,FUNDO,1630721,55897,271731.760429,38854,732,7,2857,0.034277476036673346,0.6950999159167754,6.993662439620117,0.07353168270963092,0.01883975909816235,371.2182519521858,0.009562841530054645,38818.822918428574,75.7123879713012
546,2025-01-07,SEARCH,MICROSOFT,FUNDO,131859,5317,15357.239999999998,4951,159,6,695,0.040323375727102435,0.9311641903328944,3.101846091698646,0.1403756816804686,0.032114724298121594,96.58641509433961,0.03773584905660377,2559.5399999999995,17.98271662763466
547,2025-01-06,SEARCH,CURSOS,FUNDO,367962,24712,111448.431744,16204,330,35,1629,0.06715910882101957,0.6557138232437683,6.877834592940015,0.10053073315230807,0.020365341890891137,337.72252043636365,0.10606060606060606,3184.2409069714286,56.89047051761103
548,2025-01-06,SEARCH,GENERICA,FUNDO,202977,12701,49992.362517999994,11430,217,22,1200,0.06257359208186149,0.8999291394378396,4.3737849972003495,0.10498687664041995,0.018985126859142606,230.37955077419352,0.10138248847926268,2272.380114454545,35.28042520677487
553,2025-01-06,META,META,MEIO,9329875,161600,54177.230003000004,92059,2,1,7,0.017320703653585928,0.5696720297029703,0.588505523664172,7.603819289803279e-05,2.172519797086651e-05,27088.615001500002,0.5,54177.230003000004,0.3352551361571782
554,2025-01-06,META,META,FUNDO,12318480,57738,157031.82999700002,26900,407,3,1842,0.004687104253122139,0.46589767570750634,5.83761449802974,0.06847583643122676,0.015130111524163568,385.8275921302212,0.007371007371007371,52343.94333233334,69.82295686838596
555,2025-01-06,SEARCH,OPORTUNIDADES,FUNDO,137489,6074,52505.60197600001,4680,118,2,592,0.04417807970092153,0.7704972011853803,11.219145721367523,0.1264957264957265,0.025213675213675214,444.9627286101696,0.01694915254237288,26252.800988000006,73.95155207887326
556,2025-01-06,DEMAND GEN,DEMAND GEN,MEIO,24864026,799173,82843.964775,212699,36,1,225,0.032141737625274364,0.2661488814061536,0.3894892066958472,0.0010578329000136342,0.00016925326400218149,2301.22124375,0.027777777777777776,82843.964775,0.10366211668186988
557,2025-01-06,SEARCH,MARCAS,FUNDO,85418,31653,42564.28209599999,29896,1117,11,4850,0.37056592287339907,0.944491833317537,1.423745052716082,0.16222906074391222,0.03736285790741236,38.105892655326755,0.009847806624888093,3869.4801905454533,7.133280056309701
559,2025-01-06,SEARCH,MICROSOFT,FUNDO,100794,5202,14218.31,4692,137,7,721,0.05161021489374368,0.9019607843137255,3.0303303495311167,0.15366581415174765,0.029198635976129584,103.78328467153284,0.051094890510948905,2031.1871428571428,16.571456876456875
562,2025-01-06,DEMAND GEN,DEMAND GEN,FUNDO,2012112,17619,32070.551111,5993,31,1,136,0.008756470812757938,0.3401441625517907,5.351335076088771,0.02269314199899883,0.00517270148506591,1034.5339068064516,0.03225806451612903,32070.551111,192.03922820958084
566,2025-01-06,PMAX,PMAX,FUNDO,1581070,56746,319775.311098,42223,812,4,3337,0.03589088402158032,0.7440700666126246,7.573486277573833,0.07903275465978259,0.019231224687966276,393.8119594802955,0.0049261083743842365,79943.8277745,77.07286360520607
567,2025-01-06,TIKTOK,TIKTOK,FUNDO,12460228,28545,65376.32,24564,43,2,149,0.002290889059172914,0.8605359957961114,2.6614688161537208,0.006065787331053575,0.001750529229767139,1520.379534883721,0.046511627906976744,32688.16,340.50166666666667
571,2025-01-05,PMAX,PMAX,FUNDO,1105095,42345,200461.12838399998,30611,448,3,1955,0.03831797266298372,0.7228952650844256,6.548663172846362,0.06386593054784227,0.014635261833981249,447.4578758571428,0.006696428571428571,66820.37612799999,83.4211936679151
572,2025-01-05,SEARCH,MARCAS,FUNDO,36454,14387,17749.108789,13356,455,7,2118,0.39466176551270093,0.9283380829915896,1.328923988394729,0.15858041329739442,0.034067085953878404,39.00903030549451,0.015384615384615385,2535.5869698571432,6.8982156195102995
573,2025-01-05,DEMAND GEN,DEMAND GEN,FUNDO,1619841,18655,24025.468736,6016,16,1,67,0.011516562428040777,0.32248726882873224,3.9935952021276595,0.011136968085106383,0.0026595744680851063,1501.591796,0.0625,24025.468736,289.46347874698796
576,2025-01-05,SEARCH,DV360,MEIO,4922028,225702,32232.201056000005,1006,1,1,1,0.04585548883508993,0.00445720463265722,32.03996128827038,0.0009940357852882703,0.0009940357852882703,32232.201056000005,1.0,32232.201056000005,0.14280866388423677
577,2025-01-05,DEMAND GEN,DEMAND GEN,MEIO,8324770,309105,21352.203584,97652,22,1,88,0.03713075556441799,0.31591853900778055,0.21865608061278827,0.0009011592184491869,0.00022528980461229673,970.5547083636363,0.045454545454545456,21352.203584,0.06907750953235955
578,2025-01-05,SEARCH,CURSOS,FUNDO,167876,10360,37440.08200899999,7600,155,36,707,0.061712216159546335,0.7335907335907336,4.926326580131578,0.09302631578947368,0.020394736842105264,241.54891618709672,0.23225806451612904,1040.0022780277775,43.43396984802783
579,2025-01-05,META,META,FUNDO,14043006,67031,141911.190003,30821,426,7,1791,0.004773265780844927,0.4598021810803956,4.604366827909542,0.05810973037863794,0.013821744914181889,333.1248591619718,0.01643192488262911,20273.027143285715,64.01046008254397
581,2025-01-05,SEARCH,MICROSOFT,FUNDO,55551,1733,5824.08,1570,36,5,195,0.031196558117765658,0.9059434506635892,3.7096050955414013,0.12420382165605096,0.022929936305732482,161.78,0.1388888888888889,1164.816,25.21246753246753
582,2025-01-05,TIKTOK,TIKTOK,FUNDO,2451864,6695,17277.920000000002,5170,17,1,83,0.002730575594731192,0.772218073188947,3.341957446808511,0.016054158607350096,0.0032882011605415862,1016.3482352941178,0.058823529411764705,17277.920000000002,172.77920000000003
583,2025-01-05,SEARCH,OPORTUNIDADES,FUNDO,84739,3864,29690.380933,3046,68,3,386,0.04559883878733523,0.7883022774327122,9.747334515101773,0.12672357189757058,0.02232435981615233,436.6232490147059,0.04411764705882353,9896.793644333333,65.39731483039648
584,2025-01-05,SEARCH,GENERICA,FUNDO,79051,4925,16541.982365,5234,91,13,476,0.06230155216252799,1.062741116751269,3.1604857403515476,0.09094382881161635,0.01738632021398548,181.780025989011,0.14285714285714285,1272.460181923077,29.174572072310404
586,2025-01-05,META,META,TOPO,9562547,39464,34781.35000199999,9022,2,1,2,0.004126933964350711,0.22861341982566388,3.855170694081134,0.00022168033695411216,0.00022168033695411216,17390.675000999996,0.5,34781.35000199999,3.637247482496033e-06
590,2025-01-04,DEMAND GEN,DEMAND GEN,FUNDO,1582829,13650,24212.613655,4886,14,1,65,0.008623799538674108,0.35794871794871796,4.955508320712239,0.013303315595579205,0.0028653295128939827,1729.4724039285716,0.07142857142857142,24212.613655,306.48878044303797
592,2025-01-04,TIKTOK,TIKTOK,FUNDO,8159786,20887,47098.71999999998,16935,35,1,158,0.002559748503208295,0.8107914013501221,2.781146737525833,0.009329790374963095,0.002066725715972837,1345.6777142857136,0.02857142857142857,47098.71999999998,244.03481865284962
593,2025-01-04,DEMAND GEN,DEMAND GEN,MEIO,7971631,293216,20648.640167,90629,16,1,74,0.036782435112714076,0.3090861344537815,0.22783700765759307,0.0008165156848249456,0.00017654393185404231,1290.5400104375,0.0625,20648.640167,0.07042125998240206
594,2025-01-04,SEARCH,GENERICA,FUNDO,58005,3629,10770.524208999996,4197,87,16,451,0.06256357210585295,1.156516946817305,2.5662435570645687,0.10745770788658565,0.020729092208720514,123.79912883908041,0.1839080459770115,673.1577630624997,20.01956172676579
595,2025-01-04,SEARCH,MARCAS,FUNDO,35765,14069,16621.750575000002,13727,481,8,2032,0.39337340975814344,0.975691236050892,1.2108800593720406,0.14802943104829897,0.03504043126684636,34.55665400207901,0.016632016632016633,2077.7188218750002,6.6143058396339045
599,2025-01-04,SEARCH,MICROSOFT,FUNDO,49900,1885,6133.8600000000015,1755,48,6,222,0.03777555110220441,0.9310344827586207,3.495076923076924,0.1264957264957265,0.02735042735042735,127.78875000000004,0.125,1022.3100000000003,22.718000000000007
601,2025-01-04,SEARCH,OPORTUNIDADES,FUNDO,74346,3524,24847.724216,2797,61,2,371,0.0473999946197509,0.7937003405221339,8.883705475867,0.13264211655345012,0.021809081158383984,407.3397412459016,0.03278688524590164,12423.862108,57.517880129629624
602,2025-01-04,META,META,FUNDO,10950406,55328,115456.01000499999,26688,427,6,2053,0.005052598049789204,0.48235974551764027,4.326139463616606,0.0769259592326139,0.015999700239808155,270.3887822131147,0.01405152224824356,19242.668334166665,46.55484274395161
603,2025-01-04,PMAX,PMAX,FUNDO,1433520,42879,170047.98042999997,28688,393,4,1738,0.029911685919973213,0.6690454534853891,5.927495134899608,0.06058282208588957,0.013699107640825433,432.69206216284977,0.010178117048346057,42511.99510749999,79.79726908962927
605,2025-01-04,SEARCH,CURSOS,FUNDO,147932,8339,26444.898304999995,6344,113,17,580,0.056370494551550715,0.7607626813766639,4.168489644546027,0.0914249684741488,0.017812105926860024,234.02564871681412,0.1504424778761062,1555.5822532352938,38.160026414141406
607,2025-01-04,META,META,TOPO,9646287,37888,33547.95,8884,2,1,5,0.00392772887640602,0.23448057432432431,3.776221296713192,0.0005628095452498874,0.00022512381809995497,16773.975,0.5,33547.95,3.477809648417054e-06
610,2025-01-03,SEARCH,OPORTUNIDADES,FUNDO,83546,5138,29664.565320999995,3469,92,3,458,0.061499054413137674,0.6751654340210198,8.55133044710291,0.13202652061112713,0.026520611127125972,322.4409274021738,0.03260869565217391,9888.188440333332,53.93557331090908
613,2025-01-03,SEARCH,GENERICA,FUNDO,100748,6616,21204.824211000006,6787,157,16,820,0.0656687973954818,1.0258464328899637,3.124329484455578,0.12081921320170914,0.023132459113010165,135.06257459235673,0.10191082802547771,1325.3015131875004,21.70401659263051
615,2025-01-03,TIKTOK,TIKTOK,FUNDO,8572505,21593,47007.850000000006,18116,25,2,134,0.0025188670056185444,0.8389755939424813,2.5948250165599474,0.007396776330315743,0.001379995584014131,1880.3140000000003,0.08,23503.925000000003,295.646855345912
616,2025-01-03,DEMAND GEN,DEMAND GEN,FUNDO,1995838,14125,23049.152712,4552,14,1,80,0.007077227710866313,0.32226548672566374,5.063522124780317,0.01757469244288225,0.0030755711775043936,1646.3680508571429,0.07142857142857142,23049.152712,245.20375225531913
618,2025-01-03,DEMAND GEN,DEMAND GEN,MEIO,9555674,351544,24035.270891,104696,17,1,93,0.03678903235920355,0.29781762738092526,0.2295720074405899,0.0008882860854282877,0.0001623748758309773,1413.8394641764705,0.058823529411764705,24035.270891,0.06837059056903261
619,2025-01-03,SEARCH,MARCAS,FUNDO,55561,21344,24519.986188000003,20136,771,12,3131,0.3841543528734184,0.9434032983508246,1.2177188214143824,0.1554926499801351,0.0382896305125149,31.802835522697798,0.01556420233463035,2043.3321823333335,6.283953405433112
622,2025-01-03,META,META,FUNDO,8264073,47982,118239.03999900002,21797,386,4,1937,0.005806095856123246,0.454274519611521,5.424555672753132,0.08886544019819241,0.017708859017295957,306.3187564740933,0.010362694300518135,29559.759999750004,50.89928540637108
624,2025-01-03,SEARCH,MICROSOFT,FUNDO,46473,2830,7620.99,2714,94,6,383,0.06089557377401932,0.9590106007067137,2.8080287398673542,0.14112011790714812,0.034635224760501106,81.07436170212766,0.06382978723404255,1270.165,15.97691823899371
625,2025-01-03,PMAX,PMAX,FUNDO,1339193,53988,149064.31234999996,33183,538,6,2195,0.040313830792126304,0.6146365859079795,4.492189143537352,0.06614832896362595,0.016213121176506043,277.07121254646836,0.011152416356877323,24844.052058333327,54.54237553969995
627,2025-01-03,SEARCH,CURSOS,FUNDO,109987,6459,19694.60029200001,8345,180,34,818,0.05872512205987981,1.2919956649636166,2.360047967884962,0.09802276812462553,0.02156980227681246,109.41444606666673,0.18888888888888888,579.2529497647062,19.734068428857725
630,2025-01-02,PMAX,PMAX,FUNDO,1050877,39737,143745.92362400002,27966,562,6,2356,0.03781317889724487,0.7037773359840954,5.140024444825861,0.08424515483086605,0.0200958306515054,255.77566481138794,0.010676156583629894,23957.653937333336,49.261796992460596
633,2025-01-02,META,META,MEIO,4739044,54721,10460.630000000001,34437,1,1,2,0.011546843625001161,0.6293196396264689,0.3037613613264803,5.8077068269593754e-05,2.9038534134796877e-05,10460.630000000001,1.0,10460.630000000001,0.19116299044242616
634,2025-01-02,SEARCH,OPORTUNIDADES,FUNDO,91763,4631,26170.371981999997,3288,84,4,419,0.050466963808942604,0.7099978406391708,7.959358875304135,0.1274330900243309,0.025547445255474453,311.5520474047619,0.047619047619047616,6542.592995499999,52.028572528827034
635,2025-01-02,SEARCH,CURSOS,FUNDO,242941,16156,55313.23721499998,13858,396,44,1712,0.06650174322160525,0.8577618222332261,3.991430019844132,0.12353875018040121,0.028575552027709627,139.67989195707065,0.1111111111111111,1257.1190276136358,26.239676098197332
636,2025-01-02,SEARCH,MARCAS,FUNDO,55092,22071,21394.035424,20136,869,12,3365,0.40062077978653887,0.9123283947261112,1.062476928088995,0.16711362733412793,0.043156535558204215,24.619143180667436,0.01380897583429229,1782.8362853333335,5.052913420878602
637,2025-01-02,DEMAND GEN,DEMAND GEN,FUNDO,975558,5532,12132.495703,2004,13,1,49,0.005670600825373786,0.36225596529284165,6.0541395723552895,0.02445109780439122,0.006487025948103792,933.2689002307693,0.07692307692307693,12132.495703,195.68541456451615
638,2025-01-02,TIKTOK,TIKTOK,FUNDO,6311476,18672,31221.58999999999,14168,11,2,47,0.0029584205025892517,0.7587832047986289,2.2036695369847537,0.0033173348390739695,0.0007763975155279503,2838.3263636363627,0.18181818181818182,15610.794999999995,538.3032758620687
640,2025-01-02,DEMAND GEN,DEMAND GEN,MEIO,9436930,346459,22657.49128,96156,29,1,116,0.03671310479149469,0.2775393336585281,0.23563263114106242,0.0012063729772453097,0.0003015932443113274,781.2928027586206,0.034482758620689655,22657.49128,0.06539732343509622
641,2025-01-02,SEARCH,MICROSOFT,FUNDO,39063,2949,5908.2599999999975,2779,97,6,428,0.07549343368404884,0.9423533401152934,2.1260381432169835,0.15401223461676863,0.03490464195753868,60.90989690721647,0.061855670103092786,984.7099999999996,11.253828571428567
646,2025-01-02,META,META,FUNDO,6539445,42034,74676.67000099999,18067,194,3,977,0.006427762600648832,0.42981871818052053,4.1333187580118445,0.0540764930536337,0.010737809265511706,384.9312886649484,0.015463917525773196,24892.223333666665,63.77170794278394
647,2025-01-02,SEARCH,GENERICA,FUNDO,94955,6181,17516.379009,5945,155,17,704,0.06509399189089568,0.9618184759747613,2.946405215979815,0.1184188393608074,0.02607232968881413,113.00889683225806,0.10967741935483871,1030.3752358235295,20.39159372409779
649,2025-01-01,PMAX,PMAX,FUNDO,1703321,48558,79813.06998000001,22042,247,4,1003,0.02850783851076808,0.4539313810288727,3.6209540867434904,0.045504037746121044,0.01120587968423918,323.12983797570854,0.016194331983805668,19953.267495000004,63.850455984000014
652,2025-01-01,SEARCH,CURSOS,FUNDO,96740,6140,16797.033172000003,5066,115,26,536,0.06346909241265247,0.8250814332247557,3.315640183971576,0.10580339518357679,0.022700355309909197,146.06115801739134,0.22608695652173913,646.0397373846155,25.801894273425503
653,2025-01-01,SEARCH,GENERICA,FUNDO,27700,1742,4041.227386,1871,40,10,210,0.06288808664259928,1.074052812858783,2.1599291213254945,0.1122394441475147,0.021378941742383754,101.03068465,0.25,404.1227386,16.164909544
655,2025-01-01,DEMAND GEN,DEMAND GEN,MEIO,6771971,252277,12416.537954,58511,9,1,36,0.03725311286773083,0.2319315672851667,0.21220860956059542,0.0006152689237921075,0.00015381723094802686,1379.6153282222222,0.1111111111111111,12416.537954,0.04921787540679491
658,2025-01-01,META,META,FUNDO,8989737,55085,59820.200005,19744,94,3,481,0.006127542997086567,0.35842788417899607,3.0297913292645866,0.02436183144246353,0.004760940032414911,636.3851064361702,0.031914893617021274,19940.066668333333,104.03513044347825
662,2025-01-01,SEARCH,MICROSOFT,FUNDO,12013,726,2033.9399999999996,728,25,4,103,0.06043452925996837,1.002754820936639,2.793873626373626,0.14148351648351648,0.034340659340659344,81.35759999999999,0.16,508.4849999999999,15.890156249999997
665,2025-01-01,SEARCH,OPORTUNIDADES,FUNDO,36523,1642,9263.520839,1172,27,3,148,0.04495797168907264,0.7137637028014616,7.904028019624574,0.12627986348122866,0.02303754266211604,343.0933644074074,0.1111111111111111,3087.840279666667,52.93440479428572
668,2025-01-01,SEARCH,MARCAS,FUNDO,19926,8217,7543.254801,6914,276,6,1131,0.4123757904245709,0.8414263113058293,1.0910116865779578,0.16358113971651722,0.03991900491755858,27.33063333695652,0.021739130434782608,1257.2091335,5.361232978678038
